BADANIE;07:22:44;;;;
metoda:;nearest-neighbour;;;;
konfiguracja:;branches=2         , input_files=g/gr6.txt,g/gr7.txt,g/gr8.txt,g/gr9.txt,g/gr10.txt,g/gr11.txt,g/gr12.txt,g/gr13.txt,g/gr14.txt,g/gr15.txt,g/gr16.txt,g/gr17.txt,g/gr18.txt,g/gr19.txt,g/gr20.txt, iterations=15, max_exec_time_s=1800, search_type=1            , starting_node_bb=-1          # warto, starting_node_nn=-1          # warto, ;;;;
;;;;;
plik:;g/gr6.txt;;;;
wynik optymalny:;132;;;;
liczba wierzcholkow:;6;;;;
iteracja;czas [us];wynik;blad bezwzgledny;blad wzgledny;sciezka
1;40;172;40;30.303;5 4 3 2 1 0 5
2;47;132;0;0;2 3 4 5 0 1 2
3;81;132;0;0;0 1 2 3 4 5 0
4;53;132;0;0;1 2 3 4 5 0 1
5;60;172;40;30.303;5 4 3 2 1 0 5
6;45;172;40;30.303;5 4 3 2 1 0 5
7;46;132;0;0;2 3 4 5 0 1 2
8;34;172;40;30.303;4 3 2 1 0 5 4
9;33;172;40;30.303;4 3 2 1 0 5 4
10;63;172;40;30.303;4 3 2 1 0 5 4
11;35;172;40;30.303;4 3 2 1 0 5 4
12;37;132;0;0;1 2 3 4 5 0 1
13;32;172;40;30.303;5 4 3 2 1 0 5
14;466;172;40;30.303;4 3 2 1 0 5 4
15;45;172;40;30.303;5 4 3 2 1 0 5
sredni czas [us];blad bezwzgledny;blad bezwzgledny x2;blad wzgledny [%];;
74.46666667;26.6667;53.3333;40.404;;
;;;;;
;;;;;
plik:;g/gr7.txt;;;;
wynik optymalny:;146;;;;
liczba wierzcholkow:;7;;;;
iteracja;czas [us];wynik;blad bezwzgledny;blad wzgledny;sciezka
1;48;158;12;8.21918;4 5 2 0 1 3 6 4
2;44;179;33;22.6027;2 0 1 5 6 4 3 2
3;35;158;12;8.21918;4 5 2 0 1 3 6 4
4;46;179;33;22.6027;2 0 1 5 6 4 3 2
5;47;157;11;7.53425;1 2 0 4 5 6 3 1
6;35;157;11;7.53425;1 2 0 4 5 6 3 1
7;45;149;3;2.05479;0 1 2 5 6 4 3 0
8;36;146;0;0;6 1 2 0 4 5 3 6
9;34;180;34;23.2877;5 2 0 1 4 3 6 5
10;46;146;0;0;6 1 2 0 4 5 3 6
11;34;149;3;2.05479;0 1 2 5 6 4 3 0
12;36;146;0;0;6 1 2 0 4 5 3 6
13;35;149;3;2.05479;0 1 2 5 6 4 3 0
14;35;179;33;22.6027;2 0 1 5 6 4 3 2
15;55;179;33;22.6027;2 0 1 5 6 4 3 2
sredni czas [us];blad bezwzgledny;blad bezwzgledny x2;blad wzgledny [%];;
40;14.7333;29.4667;20.1826;;
;;;;;
;;;;;
plik:;g/gr8.txt;;;;
wynik optymalny:;162;;;;
liczba wierzcholkow:;8;;;;
iteracja;czas [us];wynik;blad bezwzgledny;blad wzgledny;sciezka
1;49;172;10;6.17284;7 6 1 2 0 4 5 3 7
2;49;162;0;0;0 1 2 7 6 4 5 3 0
3;50;162;0;0;0 1 2 7 6 4 5 3 0
4;50;172;10;6.17284;5 7 6 1 2 0 4 3 5
5;58;162;0;0;3 0 1 2 7 6 4 5 3
6;36;202;40;24.6914;4 5 7 6 1 2 0 3 4
7;154;193;31;19.1358;2 0 1 5 7 6 4 3 2
8;50;172;10;6.17284;7 6 1 2 0 4 5 3 7
9;49;162;0;0;0 1 2 7 6 4 5 3 0
10;36;193;31;19.1358;2 0 1 5 7 6 4 3 2
11;35;172;10;6.17284;7 6 1 2 0 4 5 3 7
12;38;162;0;0;3 0 1 2 7 6 4 5 3
13;34;193;31;19.1358;2 0 1 5 7 6 4 3 2
14;36;172;10;6.17284;5 7 6 1 2 0 4 3 5
15;35;172;10;6.17284;5 7 6 1 2 0 4 3 5
sredni czas [us];blad bezwzgledny;blad bezwzgledny x2;blad wzgledny [%];;
50;12.8667;25.7333;15.8848;;
;;;;;
;;;;;
plik:;g/gr9.txt;;;;
wynik optymalny:;193;;;;
liczba wierzcholkow:;9;;;;
iteracja;czas [us];wynik;blad bezwzgledny;blad wzgledny;sciezka
1;49;197;4;2.07254;2 0 1 5 7 6 4 3 8 2
2;53;237;44;22.7979;4 5 7 6 1 2 0 8 3 4
3;65;233;40;20.7254;6 7 8 2 0 1 5 3 4 6
4;54;211;18;9.32642;3 0 1 2 7 6 4 5 8 3
5;53;195;2;1.03627;5 7 6 1 2 0 4 3 8 5
6;49;211;18;9.32642;3 0 1 2 7 6 4 5 8 3
7;40;233;40;20.7254;6 7 8 2 0 1 5 3 4 6
8;48;233;40;20.7254;6 7 8 2 0 1 5 3 4 6
9;49;200;7;3.62694;0 1 2 7 6 4 5 3 8 0
10;51;211;18;9.32642;3 0 1 2 7 6 4 5 8 3
11;50;197;4;2.07254;2 0 1 5 7 6 4 3 8 2
12;49;233;40;20.7254;6 7 8 2 0 1 5 3 4 6
13;56;195;2;1.03627;5 7 6 1 2 0 4 3 8 5
14;51;233;40;20.7254;6 7 8 2 0 1 5 3 4 6
15;40;237;44;22.7979;4 5 7 6 1 2 0 8 3 4
sredni czas [us];blad bezwzgledny;blad bezwzgledny x2;blad wzgledny [%];;
50;24.0667;48.1333;24.9396;;
;;;;;
;;;;;
plik:;g/gr10.txt;;;;
wynik optymalny:;209;;;;
liczba wierzcholkow:;10;;;;
iteracja;czas [us];wynik;blad bezwzgledny;blad wzgledny;sciezka
1;55;257;48;22.9665;4 5 7 6 1 2 0 8 9 3 4
2;52;227;18;8.61244;2 0 1 5 7 6 4 3 9 8 2
3;56;236;27;12.9187;1 2 0 7 6 4 5 3 9 8 1
4;53;246;37;17.7033;7 6 1 2 0 4 5 3 9 8 7
5;53;246;37;17.7033;7 6 1 2 0 4 5 3 9 8 7
6;52;227;18;8.61244;8 2 0 1 5 7 6 4 3 9 8
7;54;257;48;22.9665;4 5 7 6 1 2 0 8 9 3 4
8;59;230;21;10.0478;0 1 2 7 6 4 5 3 9 8 0
9;53;236;27;12.9187;1 2 0 7 6 4 5 3 9 8 1
10;52;235;26;12.4402;6 7 8 2 0 1 5 3 9 4 6
11;51;257;48;22.9665;4 5 7 6 1 2 0 8 9 3 4
12;54;236;27;12.9187;1 2 0 7 6 4 5 3 9 8 1
13;52;230;21;10.0478;0 1 2 7 6 4 5 3 9 8 0
14;53;257;48;22.9665;4 5 7 6 1 2 0 8 9 3 4
15;57;236;27;12.9187;1 2 0 7 6 4 5 3 9 8 1
sredni czas [us];blad bezwzgledny;blad bezwzgledny x2;blad wzgledny [%];;
53;31.8667;63.7333;30.4944;;
;;;;;
;;;;;
plik:;g/gr11.txt;;;;
wynik optymalny:;115;;;;
liczba wierzcholkow:;11;;;;
iteracja;czas [us];wynik;blad bezwzgledny;blad wzgledny;sciezka
1;54;146;31;26.9565;1 9 4 2 10 3 0 7 5 8 6 1
2;54;142;27;23.4783;2 10 3 0 7 1 9 4 8 5 6 2
3;55;136;21;18.2609;10 3 0 7 1 9 4 2 6 5 8 10
4;56;129;14;12.1739;9 4 2 10 3 0 7 1 5 8 6 9
5;54;149;34;29.5652;3 0 7 1 9 4 2 10 6 5 8 3
6;60;148;33;28.6957;4 2 10 3 0 7 1 9 6 5 8 4
7;58;171;56;48.6957;0 7 1 9 4 2 10 3 8 5 6 0
8;60;139;24;20.8696;5 4 2 10 3 0 7 1 9 6 8 5
9;63;139;24;20.8696;5 4 2 10 3 0 7 1 9 6 8 5
10;56;146;31;26.9565;1 9 4 2 10 3 0 7 5 8 6 1
11;57;129;14;12.1739;9 4 2 10 3 0 7 1 5 8 6 9
12;59;171;56;48.6957;0 7 1 9 4 2 10 3 8 5 6 0
13;55;178;63;54.7826;7 1 9 4 2 10 3 0 8 5 6 7
14;41;129;14;12.1739;9 4 2 10 3 0 7 1 5 8 6 9
15;36;139;24;20.8696;8 5 4 2 10 3 0 7 1 9 6 8
sredni czas [us];blad bezwzgledny;blad bezwzgledny x2;blad wzgledny [%];;
54;31.0667;62.1333;54.029;;
;;;;;
;;;;;
plik:;g/gr12.txt;;;;
wynik optymalny:;244;;;;
liczba wierzcholkow:;12;;;;
iteracja;czas [us];wynik;blad bezwzgledny;blad wzgledny;sciezka
1;53;277;33;13.5246;3 0 1 2 7 6 4 5 10 8 9 11 3
2;41;283;39;15.9836;10 0 1 2 7 6 4 5 3 9 11 8 10
3;56;268;24;9.83607;9 4 5 10 0 1 2 7 6 11 8 3 9
4;41;277;33;13.5246;3 0 1 2 7 6 4 5 10 8 9 11 3
5;38;260;16;6.55738;11 6 7 8 2 0 1 5 10 4 3 9 11
6;38;283;39;15.9836;10 0 1 2 7 6 4 5 3 9 11 8 10
7;58;283;39;15.9836;10 0 1 2 7 6 4 5 3 9 11 8 10
8;41;271;27;11.0656;6 7 11 8 2 0 1 5 10 4 3 9 6
9;37;271;27;11.0656;6 7 11 8 2 0 1 5 10 4 3 9 6
10;39;275;31;12.7049;8 2 0 1 5 10 4 3 6 7 11 9 8
11;37;268;24;9.83607;9 4 5 10 0 1 2 7 6 11 8 3 9
12;40;306;62;25.4098;1 2 0 7 6 4 5 10 8 9 3 11 1
13;40;306;62;25.4098;1 2 0 7 6 4 5 10 8 9 3 11 1
14;40;293;49;20.082;2 0 1 5 10 8 6 7 11 4 3 9 2
15;56;293;49;20.082;2 0 1 5 10 8 6 7 11 4 3 9 2
sredni czas [us];blad bezwzgledny;blad bezwzgledny x2;blad wzgledny [%];;
43;36.9333;73.8667;30.2732;;
;;;;;
;;;;;
plik:;g/gr13.txt;;;;
wynik optymalny:;266;;;;
liczba wierzcholkow:;13;;;;
iteracja;czas [us];wynik;blad bezwzgledny;blad wzgledny;sciezka
1;40;302;36;13.5338;3 0 1 2 7 6 4 5 10 8 12 11 9 3
2;41;292;26;9.77444;8 2 0 1 12 7 6 4 5 10 11 9 3 8
3;56;291;25;9.3985;5 10 0 1 2 7 6 4 3 9 11 12 8 5
4;41;292;26;9.77444;9 4 5 10 0 1 2 7 6 11 12 3 8 9
5;38;303;37;13.9098;12 7 6 1 2 0 4 5 10 8 9 3 11 12
6;36;300;34;12.782;6 7 11 12 10 0 1 2 5 3 9 4 8 6
7;41;307;41;15.4135;0 1 2 7 6 4 5 10 8 12 3 9 11 0
8;40;303;37;13.9098;7 6 1 2 0 12 10 8 5 3 9 4 11 7
9;44;292;26;9.77444;8 2 0 1 12 7 6 4 5 10 11 9 3 8
10;43;303;37;13.9098;12 7 6 1 2 0 4 5 10 8 9 3 11 12
11;42;303;37;13.9098;11 12 7 6 1 2 0 4 5 10 8 9 3 11
12;43;307;41;15.4135;0 1 2 7 6 4 5 10 8 12 3 9 11 0
13;41;302;36;13.5338;3 0 1 2 7 6 4 5 10 8 12 11 9 3
14;41;291;25;9.3985;5 10 0 1 2 7 6 4 3 9 11 12 8 5
15;43;303;37;13.9098;7 6 1 2 0 12 10 8 5 3 9 4 11 7
sredni czas [us];blad bezwzgledny;blad bezwzgledny x2;blad wzgledny [%];;
42;33.4;66.8;25.1128;;
;;;;;
;;;;;
plik:;g/gr14.txt;;;;
wynik optymalny:;279;;;;
liczba wierzcholkow:;14;;;;
iteracja;czas [us];wynik;blad bezwzgledny;blad wzgledny;sciezka
1;43;301;22;7.8853;0 1 2 7 6 13 11 12 10 8 5 3 9 4 0
2;43;307;28;10.0358;12 7 6 1 2 0 4 5 10 13 11 8 9 3 12
3;42;301;22;7.8853;3 0 1 2 7 6 13 11 12 10 8 5 9 4 3
4;43;326;47;16.8459;6 7 11 12 10 0 1 2 13 5 3 9 4 8 6
5;44;326;47;16.8459;6 7 11 12 10 0 1 2 13 5 3 9 4 8 6
6;41;301;22;7.8853;0 1 2 7 6 13 11 12 10 8 5 3 9 4 0
7;45;306;27;9.67742;7 6 1 2 0 12 10 13 11 8 5 3 9 4 7
8;41;298;19;6.81004;5 10 0 1 2 7 6 13 11 12 3 9 4 8 5
9;40;311;32;11.4695;8 2 0 1 12 7 6 13 11 10 4 5 3 9 8
10;36;307;28;10.0358;12 7 6 1 2 0 4 5 10 13 11 8 9 3 12
11;37;307;28;10.0358;12 7 6 1 2 0 4 5 10 13 11 8 9 3 12
12;38;306;27;9.67742;7 6 1 2 0 12 10 13 11 8 5 3 9 4 7
13;39;306;27;9.67742;7 6 1 2 0 12 10 13 11 8 5 3 9 4 7
14;59;301;22;7.8853;0 1 2 7 6 13 11 12 10 8 5 3 9 4 0
15;58;326;47;16.8459;6 7 11 12 10 0 1 2 13 5 3 9 4 8 6
sredni czas [us];blad bezwzgledny;blad bezwzgledny x2;blad wzgledny [%];;
43;29.6667;59.3333;21.2664;;
;;;;;
;;;;;
plik:;g/gr15.txt;;;;
wynik optymalny:;303;;;;
liczba wierzcholkow:;15;;;;
iteracja;czas [us];wynik;blad bezwzgledny;blad wzgledny;sciezka
1;59;366;63;20.7921;11 12 7 6 1 2 0 4 5 10 13 3 9 14 8 11
2;65;315;12;3.9604;5 10 0 1 2 14 7 6 13 11 12 3 9 4 8 5
3;62;317;14;4.62046;13 11 12 7 6 1 2 0 4 5 10 8 14 3 9 13
4;60;366;63;20.7921;11 12 7 6 1 2 0 4 5 10 13 3 9 14 8 11
5;45;318;15;4.9505;3 0 1 2 14 7 6 13 11 12 10 8 5 9 4 3
6;47;366;63;20.7921;11 12 7 6 1 2 0 4 5 10 13 3 9 14 8 11
7;61;356;53;17.4917;1 2 0 7 6 13 11 12 10 8 5 3 9 4 14 1
8;43;325;22;7.26073;2 0 1 12 7 6 13 11 8 5 10 4 3 9 14 2
9;79;343;40;13.2013;12 7 6 1 2 0 4 5 10 13 11 8 14 3 9 12
10;44;336;33;10.8911;10 0 1 2 14 7 6 13 11 12 3 9 4 5 8 10
11;44;356;53;17.4917;1 2 0 7 6 13 11 12 10 8 5 3 9 4 14 1
12;43;336;33;10.8911;10 0 1 2 14 7 6 13 11 12 3 9 4 5 8 10
13;57;341;38;12.5413;14 7 6 1 2 0 12 10 13 11 8 5 3 9 4 14
14;45;320;17;5.61056;9 4 5 10 0 1 2 14 7 6 13 11 12 3 8 9
15;43;349;46;15.1815;6 7 11 12 10 0 1 2 14 13 5 3 9 4 8 6
sredni czas [us];blad bezwzgledny;blad bezwzgledny x2;blad wzgledny [%];;
53;37.6667;75.3333;24.8625;;
;;;;;
;;;;;
plik:;g/gr16.txt;;;;
wynik optymalny:;328;;;;
liczba wierzcholkow:;16;;;;
iteracja;czas [us];wynik;blad bezwzgledny;blad wzgledny;sciezka
1;45;357;29;8.84146;4 5 10 0 1 2 14 7 6 13 11 12 15 9 3 8 4
2;47;356;28;8.53659;15 12 7 6 1 2 0 4 5 10 13 11 8 14 3 9 15
3;44;355;27;8.23171;9 4 5 10 0 1 2 14 7 6 13 11 12 15 3 8 9
4;46;354;26;7.92683;13 11 12 7 6 1 2 0 4 5 10 8 14 3 9 15 13
5;67;356;28;8.53659;15 12 7 6 1 2 0 4 5 10 13 11 8 14 3 9 15
6;45;363;35;10.6707;2 0 1 12 7 6 13 11 15 9 4 5 10 8 14 3 2
7;45;345;17;5.18293;3 0 1 2 14 7 6 13 11 12 10 8 5 15 9 4 3
8;45;354;26;7.92683;13 11 12 7 6 1 2 0 4 5 10 8 14 3 9 15 13
9;42;356;28;8.53659;0 1 2 14 7 6 13 11 12 10 8 5 3 9 4 15 0
10;46;345;17;5.18293;3 0 1 2 14 7 6 13 11 12 10 8 5 15 9 4 3
11;41;373;45;13.7195;8 2 0 1 12 7 6 13 11 15 9 4 5 10 3 14 8
12;47;380;52;15.8537;11 12 7 6 1 2 0 4 5 10 13 15 9 3 8 14 11
13;48;356;28;8.53659;14 7 6 1 2 0 12 10 13 11 15 9 4 5 3 8 14
14;45;356;28;8.53659;15 12 7 6 1 2 0 4 5 10 13 11 8 14 3 9 15
15;47;402;74;22.561;11 12 7 6 1 2 0 4 5 10 13 3 9 15 14 8 11
sredni czas [us];blad bezwzgledny;blad bezwzgledny x2;blad wzgledny [%];;
46;32.5333;65.0667;19.8374;;
;;;;;
;;;;;
plik:;g/gr17.txt;;;;
wynik optymalny:;344;;;;
liczba wierzcholkow:;17;;;;
iteracja;czas [us];wynik;blad bezwzgledny;blad wzgledny;sciezka
1;67;377;33;9.59302;12 7 6 1 2 0 4 5 10 16 9 13 11 15 14 3 8 12
2;85;364;20;5.81395;16 4 5 10 0 1 2 14 7 6 13 11 12 15 9 3 8 16
3;62;382;38;11.0465;0 1 2 14 7 6 13 11 12 10 16 4 5 3 9 15 8 0
4;47;380;36;10.4651;13 11 12 7 6 1 2 0 4 5 10 16 9 3 8 14 15 13
5;45;377;33;9.59302;6 7 16 4 5 10 0 1 2 14 13 11 12 15 9 3 8 6
6;47;382;38;11.0465;0 1 2 14 7 6 13 11 12 10 16 4 5 3 9 15 8 0
7;50;392;48;13.9535;4 5 10 16 9 13 11 12 7 6 1 2 0 14 3 8 15 4
8;46;369;25;7.26744;3 0 1 2 14 7 6 13 11 12 10 16 4 5 8 15 9 3
9;48;364;20;5.81395;16 4 5 10 0 1 2 14 7 6 13 11 12 15 9 3 8 16
10;46;376;32;9.30233;14 7 6 1 2 0 12 10 16 4 5 13 11 15 9 3 8 14
11;47;377;33;9.59302;10 16 4 5 7 6 1 2 0 12 15 13 11 8 14 3 9 10
12;45;377;33;9.59302;12 7 6 1 2 0 4 5 10 16 9 13 11 15 14 3 8 12
13;44;403;59;17.1512;11 12 7 6 1 2 0 4 5 10 16 9 13 3 8 14 15 11
14;41;364;20;5.81395;16 4 5 10 0 1 2 14 7 6 13 11 12 15 9 3 8 16
15;64;364;20;5.81395;16 4 5 10 0 1 2 14 7 6 13 11 12 15 9 3 8 16
sredni czas [us];blad bezwzgledny;blad bezwzgledny x2;blad wzgledny [%];;
52;32.5333;65.0667;18.9147;;
;;;;;
;;;;;
plik:;g/gr18.txt;;;;
wynik optymalny:;141;;;;
liczba wierzcholkow:;18;;;;
iteracja;czas [us];wynik;blad bezwzgledny;blad wzgledny;sciezka
1;66;198;57;40.4255;17 12 16 11 7 9 10 6 2 5 8 4 1 14 13 3 15 0 17
2;68;213;72;51.0638;5 9 10 6 7 17 12 16 11 15 1 8 4 2 14 13 3 0 5
3;48;266;125;88.6525;7 9 10 6 2 5 8 4 1 12 16 11 17 3 15 13 0 14 7
4;64;206;65;46.0993;0 7 9 10 6 2 5 8 4 1 12 16 11 17 3 15 13 14 0
5;48;223;82;58.156;3 15 1 12 16 11 17 7 9 10 6 2 5 8 4 0 13 14 3
6;69;248;107;75.8865;1 12 16 11 7 9 10 6 2 5 8 4 17 3 15 13 0 14 1
7;51;213;72;51.0638;5 9 10 6 7 17 12 16 11 15 1 8 4 2 14 13 3 0 5
8;49;224;83;58.8652;10 6 7 9 14 4 2 5 8 17 12 16 11 15 1 3 13 0 10
9;51;182;41;29.078;9 10 6 7 17 12 16 11 5 8 4 2 14 13 3 15 1 0 9
10;49;266;125;88.6525;7 9 10 6 2 5 8 4 1 12 16 11 17 3 15 13 0 14 7
11;50;192;51;36.1702;13 3 15 1 12 16 11 17 7 9 10 6 2 5 8 4 0 14 13
12;45;182;41;29.078;9 10 6 7 17 12 16 11 5 8 4 2 14 13 3 15 1 0 9
13;45;213;72;51.0638;5 9 10 6 7 17 12 16 11 15 1 8 4 2 14 13 3 0 5
14;50;198;57;40.4255;17 12 16 11 7 9 10 6 2 5 8 4 1 14 13 3 15 0 17
15;48;206;65;46.0993;0 7 9 10 6 2 5 8 4 1 12 16 11 17 3 15 13 14 0
sredni czas [us];blad bezwzgledny;blad bezwzgledny x2;blad wzgledny [%];;
53;74.3333;148.667;105.437;;
;;;;;
;;;;;
plik:;g/gr19.txt;;;;
wynik optymalny:;147;;;;
liczba wierzcholkow:;19;;;;
iteracja;czas [us];wynik;blad bezwzgledny;blad wzgledny;sciezka
1;73;186;39;26.5306;4 2 5 9 10 6 7 17 12 16 11 18 0 15 1 8 14 13 3 4
2;72;185;38;25.8503;14 9 10 6 7 17 12 16 11 18 0 13 3 15 1 8 4 2 5 14
3;72;209;62;42.1769;0 7 9 10 6 2 5 8 4 1 12 16 11 17 3 15 13 18 14 0
4;87;218;71;48.2993;18 0 7 9 10 6 2 5 8 4 1 12 16 11 17 3 15 13 14 18
5;82;190;43;29.2517;12 16 11 17 7 9 10 6 2 5 8 4 1 14 13 3 15 18 0 12
6;76;209;62;42.1769;0 7 9 10 6 2 5 8 4 1 12 16 11 17 3 15 13 18 14 0
7;52;156;9;6.12245;10 6 7 9 14 4 2 5 8 17 12 16 11 18 0 13 3 15 1 10
8;46;175;28;19.0476;8 4 2 5 9 10 6 7 17 12 16 11 18 0 15 1 14 13 3 8
9;47;204;57;38.7755;2 5 9 10 6 7 17 12 16 11 18 0 13 3 15 1 8 4 14 2
10;53;188;41;27.8912;8 4 2 5 9 10 6 7 17 12 16 11 18 0 13 3 15 1 14 8
11;47;187;40;27.2109;13 3 15 1 12 16 11 7 9 10 6 2 5 8 4 17 14 0 18 13
12;55;156;9;6.12245;10 6 7 9 14 4 2 5 8 17 12 16 11 18 0 13 3 15 1 10
13;174;156;9;6.12245;10 6 7 9 14 4 2 5 8 17 12 16 11 18 0 13 3 15 1 10
14;76;237;90;61.2245;6 7 9 10 17 12 16 11 18 0 15 1 8 4 2 5 13 3 14 6
15;52;237;90;61.2245;6 7 9 10 17 12 16 11 18 0 15 1 8 4 2 5 13 3 14 6
sredni czas [us];blad bezwzgledny;blad bezwzgledny x2;blad wzgledny [%];;
70;45.8667;91.7333;62.4036;;
;;;;;
;;;;;
plik:;g/gr20.txt;;;;
wynik optymalny:;148;;;;
liczba wierzcholkow:;20;;;;
iteracja;czas [us];wynik;blad bezwzgledny;blad wzgledny;sciezka
1;52;225;77;52.027;6 7 9 10 17 12 16 11 18 0 19 13 3 15 1 8 4 2 5 14 6
2;73;222;74;50;1 12 16 11 17 7 9 10 6 2 5 8 4 19 13 3 15 18 0 14 1
3;73;206;58;39.1892;11 17 12 16 0 7 9 10 6 2 5 8 4 19 13 3 15 1 14 18 11
4;53;175;27;18.2432;17 12 16 11 7 9 10 6 2 5 8 4 19 13 3 15 1 14 0 18 17
5;196;187;39;26.3514;9 10 6 7 17 12 16 11 18 0 19 13 3 15 1 8 4 2 5 14 9
6;50;216;68;45.9459;7 9 10 6 2 5 8 4 19 13 3 15 1 12 16 11 17 14 0 18 7
7;48;173;25;16.8919;0 7 9 10 6 2 5 8 4 19 13 3 15 1 12 16 11 17 14 18 0
8;48;216;68;45.9459;8 4 19 13 3 15 1 12 16 11 7 9 10 6 2 5 18 0 17 14 8
9;47;200;52;35.1351;16 11 7 9 10 6 2 5 8 4 19 13 3 15 1 12 14 0 18 17 16
10;51;175;27;18.2432;12 16 11 7 9 10 6 2 5 8 4 19 13 3 15 1 14 0 18 17 12
11;53;175;27;18.2432;17 12 16 11 7 9 10 6 2 5 8 4 19 13 3 15 1 14 0 18 17
12;53;206;58;39.1892;11 17 12 16 0 7 9 10 6 2 5 8 4 19 13 3 15 1 14 18 11
13;52;175;27;18.2432;17 12 16 11 7 9 10 6 2 5 8 4 19 13 3 15 1 14 0 18 17
14;49;216;68;45.9459;7 9 10 6 2 5 8 4 19 13 3 15 1 12 16 11 17 14 0 18 7
15;50;208;60;40.5405;10 6 7 9 14 19 13 3 15 1 12 16 11 17 2 5 8 4 0 18 10
sredni czas [us];blad bezwzgledny;blad bezwzgledny x2;blad wzgledny [%];;
63;50.3333;100.667;68.018;;
;;;;;
;;;;;
BADANIE;07:23:17;;;;
metoda:;nearest-neighbour;;;;
konfiguracja:;branches=3         , input_files=g/gr6.txt,g/gr7.txt,g/gr8.txt,g/gr9.txt,g/gr10.txt,g/gr11.txt,g/gr12.txt,g/gr13.txt,g/gr14.txt,g/gr15.txt,g/gr16.txt,g/gr17.txt,g/gr18.txt,g/gr19.txt,g/gr20.txt, iterations=15, max_exec_time_s=1800, search_type=1            , starting_node_bb=-1          # warto, starting_node_nn=-1          # warto, ;;;;
;;;;;
plik:;g/gr6.txt;;;;
wynik optymalny:;132;;;;
liczba wierzcholkow:;6;;;;
iteracja;czas [us];wynik;blad bezwzgledny;blad wzgledny;sciezka
1;1110;132;0;0;2 3 4 5 0 1 2
2;78;132;0;0;2 3 4 5 0 1 2
3;54;172;40;30.303;5 4 3 2 1 0 5
4;54;132;0;0;1 2 3 4 5 0 1
5;56;172;40;30.303;4 3 2 1 0 5 4
6;55;132;0;0;3 4 5 0 1 2 3
7;48;172;40;30.303;4 3 2 1 0 5 4
8;49;172;40;30.303;5 4 3 2 1 0 5
9;55;132;0;0;3 4 5 0 1 2 3
10;48;132;0;0;2 3 4 5 0 1 2
11;46;132;0;0;1 2 3 4 5 0 1
12;134;172;40;30.303;4 3 2 1 0 5 4
13;48;132;0;0;0 1 2 3 4 5 0
14;42;132;0;0;0 1 2 3 4 5 0
15;47;132;0;0;1 2 3 4 5 0 1
sredni czas [us];blad bezwzgledny;blad bezwzgledny x2;blad wzgledny [%];;
128;13.3333;26.6667;20.202;;
;;;;;
;;;;;
plik:;g/gr7.txt;;;;
wynik optymalny:;146;;;;
liczba wierzcholkow:;7;;;;
iteracja;czas [us];wynik;blad bezwzgledny;blad wzgledny;sciezka
1;49;179;33;22.6027;2 0 1 5 6 4 3 2
2;47;149;3;2.05479;3 0 1 2 5 6 4 3
3;62;180;34;23.2877;5 2 0 1 4 3 6 5
4;47;179;33;22.6027;2 0 1 5 6 4 3 2
5;36;158;12;8.21918;4 5 2 0 1 3 6 4
6;52;180;34;23.2877;5 2 0 1 4 3 6 5
7;35;180;34;23.2877;5 2 0 1 4 3 6 5
8;36;180;34;23.2877;5 2 0 1 4 3 6 5
9;48;179;33;22.6027;2 0 1 5 6 4 3 2
10;46;149;3;2.05479;3 0 1 2 5 6 4 3
11;46;146;0;0;6 1 2 0 4 5 3 6
12;36;179;33;22.6027;2 0 1 5 6 4 3 2
13;49;146;0;0;6 1 2 0 4 5 3 6
14;46;146;0;0;6 1 2 0 4 5 3 6
15;44;158;12;8.21918;4 5 2 0 1 3 6 4
sredni czas [us];blad bezwzgledny;blad bezwzgledny x2;blad wzgledny [%];;
45;19.8667;39.7333;27.2146;;
;;;;;
;;;;;
plik:;g/gr8.txt;;;;
wynik optymalny:;162;;;;
liczba wierzcholkow:;8;;;;
iteracja;czas [us];wynik;blad bezwzgledny;blad wzgledny;sciezka
1;46;162;0;0;3 0 1 2 7 6 4 5 3
2;45;171;9;5.55556;6 7 1 2 0 4 5 3 6
3;49;202;40;24.6914;4 5 7 6 1 2 0 3 4
4;50;162;0;0;3 0 1 2 7 6 4 5 3
5;50;172;10;6.17284;5 7 6 1 2 0 4 3 5
6;49;202;40;24.6914;4 5 7 6 1 2 0 3 4
7;50;172;10;6.17284;5 7 6 1 2 0 4 3 5
8;46;168;6;3.7037;1 2 0 7 6 4 5 3 1
9;49;168;6;3.7037;1 2 0 7 6 4 5 3 1
10;51;202;40;24.6914;4 5 7 6 1 2 0 3 4
11;46;202;40;24.6914;4 5 7 6 1 2 0 3 4
12;49;172;10;6.17284;5 7 6 1 2 0 4 3 5
13;116;168;6;3.7037;1 2 0 7 6 4 5 3 1
14;43;172;10;6.17284;5 7 6 1 2 0 4 3 5
15;51;171;9;5.55556;6 7 1 2 0 4 5 3 6
sredni czas [us];blad bezwzgledny;blad bezwzgledny x2;blad wzgledny [%];;
52;15.7333;31.4667;19.4239;;
;;;;;
;;;;;
plik:;g/gr9.txt;;;;
wynik optymalny:;193;;;;
liczba wierzcholkow:;9;;;;
iteracja;czas [us];wynik;blad bezwzgledny;blad wzgledny;sciezka
1;51;200;7;3.62694;0 1 2 7 6 4 5 3 8 0
2;49;211;18;9.32642;3 0 1 2 7 6 4 5 8 3
3;49;211;18;9.32642;3 0 1 2 7 6 4 5 8 3
4;50;197;4;2.07254;2 0 1 5 7 6 4 3 8 2
5;35;211;18;9.32642;3 0 1 2 7 6 4 5 8 3
6;37;211;18;9.32642;3 0 1 2 7 6 4 5 8 3
7;48;195;2;1.03627;5 7 6 1 2 0 4 3 8 5
8;36;233;40;20.7254;6 7 8 2 0 1 5 3 4 6
9;33;211;18;9.32642;3 0 1 2 7 6 4 5 8 3
10;34;197;4;2.07254;8 2 0 1 5 7 6 4 3 8
11;71;233;40;20.7254;6 7 8 2 0 1 5 3 4 6
12;52;211;18;9.32642;3 0 1 2 7 6 4 5 8 3
13;38;206;13;6.73575;1 2 0 7 6 4 5 3 8 1
14;36;197;4;2.07254;2 0 1 5 7 6 4 3 8 2
15;38;233;40;20.7254;6 7 8 2 0 1 5 3 4 6
sredni czas [us];blad bezwzgledny;blad bezwzgledny x2;blad wzgledny [%];;
43;17.4667;34.9333;18.1002;;
;;;;;
;;;;;
plik:;g/gr10.txt;;;;
wynik optymalny:;209;;;;
liczba wierzcholkow:;10;;;;
iteracja;czas [us];wynik;blad bezwzgledny;blad wzgledny;sciezka
1;37;231;22;10.5263;3 0 1 2 7 6 4 5 8 9 3
2;37;225;16;7.6555;5 7 6 1 2 0 4 3 9 8 5
3;37;230;21;10.0478;0 1 2 7 6 4 5 3 9 8 0
4;39;231;22;10.5263;3 0 1 2 7 6 4 5 8 9 3
5;38;225;16;7.6555;5 7 6 1 2 0 4 3 9 8 5
6;35;246;37;17.7033;7 6 1 2 0 4 5 3 9 8 7
7;33;225;16;7.6555;5 7 6 1 2 0 4 3 9 8 5
8;34;227;18;8.61244;2 0 1 5 7 6 4 3 9 8 2
9;37;257;48;22.9665;4 5 7 6 1 2 0 8 9 3 4
10;37;246;37;17.7033;7 6 1 2 0 4 5 3 9 8 7
11;37;236;27;12.9187;1 2 0 7 6 4 5 3 9 8 1
12;36;230;21;10.0478;0 1 2 7 6 4 5 3 9 8 0
13;37;225;16;7.6555;5 7 6 1 2 0 4 3 9 8 5
14;37;239;30;14.3541;9 4 5 7 6 1 2 0 8 3 9
15;36;227;18;8.61244;8 2 0 1 5 7 6 4 3 9 8
sredni czas [us];blad bezwzgledny;blad bezwzgledny x2;blad wzgledny [%];;
36;24.3333;48.6667;23.2855;;
;;;;;
;;;;;
plik:;g/gr11.txt;;;;
wynik optymalny:;115;;;;
liczba wierzcholkow:;11;;;;
iteracja;czas [us];wynik;blad bezwzgledny;blad wzgledny;sciezka
1;41;139;24;20.8696;8 5 4 2 10 3 0 7 1 9 6 8
2;41;148;33;28.6957;4 2 10 3 0 7 1 9 6 5 8 4
3;54;148;33;28.6957;4 2 10 3 0 7 1 9 6 5 8 4
4;53;136;21;18.2609;10 3 0 7 1 9 4 2 6 5 8 10
5;39;135;20;17.3913;6 5 4 2 10 3 0 7 1 9 8 6
6;40;139;24;20.8696;5 4 2 10 3 0 7 1 9 6 8 5
7;37;149;34;29.5652;3 0 7 1 9 4 2 10 6 5 8 3
8;36;129;14;12.1739;9 4 2 10 3 0 7 1 5 8 6 9
9;35;148;33;28.6957;4 2 10 3 0 7 1 9 6 5 8 4
10;53;129;14;12.1739;9 4 2 10 3 0 7 1 5 8 6 9
11;40;139;24;20.8696;8 5 4 2 10 3 0 7 1 9 6 8
12;38;135;20;17.3913;6 5 4 2 10 3 0 7 1 9 8 6
13;36;178;63;54.7826;7 1 9 4 2 10 3 0 8 5 6 7
14;56;136;21;18.2609;10 3 0 7 1 9 4 2 6 5 8 10
15;40;135;20;17.3913;6 5 4 2 10 3 0 7 1 9 8 6
sredni czas [us];blad bezwzgledny;blad bezwzgledny x2;blad wzgledny [%];;
42;26.5333;53.0667;46.1449;;
;;;;;
;;;;;
plik:;g/gr12.txt;;;;
wynik optymalny:;244;;;;
liczba wierzcholkow:;12;;;;
iteracja;czas [us];wynik;blad bezwzgledny;blad wzgledny;sciezka
1;53;293;49;20.082;7 6 1 2 0 4 5 10 8 9 3 11 7
2;74;256;12;4.91803;5 10 0 1 2 7 6 4 3 9 11 8 5
3;57;308;64;26.2295;0 1 2 7 6 4 5 10 8 9 3 11 0
4;56;256;12;4.91803;5 10 0 1 2 7 6 4 3 9 11 8 5
5;40;256;12;4.91803;5 10 0 1 2 7 6 4 3 9 11 8 5
6;42;275;31;12.7049;8 2 0 1 5 10 4 3 6 7 11 9 8
7;40;275;31;12.7049;8 2 0 1 5 10 4 3 6 7 11 9 8
8;40;306;62;25.4098;1 2 0 7 6 4 5 10 8 9 3 11 1
9;33;275;31;12.7049;8 2 0 1 5 10 4 3 6 7 11 9 8
10;32;277;33;13.5246;3 0 1 2 7 6 4 5 10 8 9 11 3
11;48;275;31;12.7049;8 2 0 1 5 10 4 3 6 7 11 9 8
12;56;293;49;20.082;7 6 1 2 0 4 5 10 8 9 3 11 7
13;41;308;64;26.2295;0 1 2 7 6 4 5 10 8 9 3 11 0
14;39;293;49;20.082;7 6 1 2 0 4 5 10 8 9 3 11 7
15;35;293;49;20.082;2 0 1 5 10 8 6 7 11 4 3 9 2
sredni czas [us];blad bezwzgledny;blad bezwzgledny x2;blad wzgledny [%];;
45;38.6;77.2;31.6393;;
;;;;;
;;;;;
plik:;g/gr13.txt;;;;
wynik optymalny:;266;;;;
liczba wierzcholkow:;13;;;;
iteracja;czas [us];wynik;blad bezwzgledny;blad wzgledny;sciezka
1;40;303;37;13.9098;12 7 6 1 2 0 4 5 10 8 9 3 11 12
2;40;300;34;12.782;6 7 11 12 10 0 1 2 5 3 9 4 8 6
3;39;292;26;9.77444;9 4 5 10 0 1 2 7 6 11 12 3 8 9
4;53;303;37;13.9098;12 7 6 1 2 0 4 5 10 8 9 3 11 12
5;41;309;43;16.1654;2 0 1 12 7 6 4 5 10 8 9 3 11 2
6;33;318;52;19.5489;10 0 1 2 7 6 4 5 3 9 11 12 8 10
7;49;309;43;16.1654;2 0 1 12 7 6 4 5 10 8 9 3 11 2
8;39;318;52;19.5489;10 0 1 2 7 6 4 5 3 9 11 12 8 10
9;34;307;41;15.4135;4 5 10 0 1 2 7 6 11 12 3 9 8 4
10;34;303;37;13.9098;11 12 7 6 1 2 0 4 5 10 8 9 3 11
11;39;300;34;12.782;6 7 11 12 10 0 1 2 5 3 9 4 8 6
12;33;300;34;12.782;6 7 11 12 10 0 1 2 5 3 9 4 8 6
13;40;292;26;9.77444;8 2 0 1 12 7 6 4 5 10 11 9 3 8
14;34;292;26;9.77444;8 2 0 1 12 7 6 4 5 10 11 9 3 8
15;34;303;37;13.9098;7 6 1 2 0 12 10 8 5 3 9 4 11 7
sredni czas [us];blad bezwzgledny;blad bezwzgledny x2;blad wzgledny [%];;
38;37.2667;74.5333;28.0201;;
;;;;;
;;;;;
plik:;g/gr14.txt;;;;
wynik optymalny:;279;;;;
liczba wierzcholkow:;14;;;;
iteracja;czas [us];wynik;blad bezwzgledny;blad wzgledny;sciezka
1;45;319;40;14.3369;10 0 1 2 7 6 13 11 12 3 9 4 5 8 10
2;42;306;27;9.67742;7 6 1 2 0 12 10 13 11 8 5 3 9 4 7
3;41;298;19;6.81004;5 10 0 1 2 7 6 13 11 12 3 9 4 8 5
4;41;301;22;7.8853;0 1 2 7 6 13 11 12 10 8 5 3 9 4 0
5;35;308;29;10.3943;2 0 1 12 7 6 13 11 8 5 10 4 3 9 2
6;35;316;37;13.2616;1 2 0 7 6 13 11 12 10 8 5 3 9 4 1
7;38;308;29;10.3943;2 0 1 12 7 6 13 11 8 5 10 4 3 9 2
8;35;324;45;16.129;11 12 7 6 1 2 0 4 5 10 13 3 9 8 11
9;34;316;37;13.2616;1 2 0 7 6 13 11 12 10 8 5 3 9 4 1
10;34;303;24;8.60215;9 4 5 10 0 1 2 7 6 13 11 12 3 8 9
11;34;306;27;9.67742;7 6 1 2 0 12 10 13 11 8 5 3 9 4 7
12;34;303;24;8.60215;9 4 5 10 0 1 2 7 6 13 11 12 3 8 9
13;34;307;28;10.0358;13 11 12 7 6 1 2 0 4 5 10 8 9 3 13
14;34;298;19;6.81004;5 10 0 1 2 7 6 13 11 12 3 9 4 8 5
15;34;307;28;10.0358;12 7 6 1 2 0 4 5 10 13 11 8 9 3 12
sredni czas [us];blad bezwzgledny;blad bezwzgledny x2;blad wzgledny [%];;
36;29;58;20.7885;;
;;;;;
;;;;;
plik:;g/gr15.txt;;;;
wynik optymalny:;303;;;;
liczba wierzcholkow:;15;;;;
iteracja;czas [us];wynik;blad bezwzgledny;blad wzgledny;sciezka
1;43;341;38;12.5413;14 7 6 1 2 0 12 10 13 11 8 5 3 9 4 14
2;61;353;50;16.5017;8 2 0 1 12 7 6 13 11 10 4 5 3 9 14 8
3;61;343;40;13.2013;12 7 6 1 2 0 4 5 10 13 11 8 14 3 9 12
4;59;353;50;16.5017;8 2 0 1 12 7 6 13 11 10 4 5 3 9 14 8
5;45;341;38;12.5413;7 6 1 2 0 12 10 13 11 8 5 3 9 4 14 7
6;64;353;50;16.5017;8 2 0 1 12 7 6 13 11 10 4 5 3 9 14 8
7;44;317;14;4.62046;13 11 12 7 6 1 2 0 4 5 10 8 14 3 9 13
8;42;315;12;3.9604;5 10 0 1 2 14 7 6 13 11 12 3 9 4 8 5
9;43;335;32;10.5611;4 5 10 0 1 2 14 7 6 13 11 12 3 9 8 4
10;44;318;15;4.9505;3 0 1 2 14 7 6 13 11 12 10 8 5 9 4 3
11;59;349;46;15.1815;6 7 11 12 10 0 1 2 14 13 5 3 9 4 8 6
12;43;335;32;10.5611;4 5 10 0 1 2 14 7 6 13 11 12 3 9 8 4
13;42;353;50;16.5017;8 2 0 1 12 7 6 13 11 10 4 5 3 9 14 8
14;45;318;15;4.9505;0 1 2 14 7 6 13 11 12 10 8 5 3 9 4 0
15;45;317;14;4.62046;13 11 12 7 6 1 2 0 4 5 10 8 14 3 9 13
sredni czas [us];blad bezwzgledny;blad bezwzgledny x2;blad wzgledny [%];;
49;33.0667;66.1333;21.8262;;
;;;;;
;;;;;
plik:;g/gr16.txt;;;;
wynik optymalny:;328;;;;
liczba wierzcholkow:;16;;;;
iteracja;czas [us];wynik;blad bezwzgledny;blad wzgledny;sciezka
1;64;356;28;8.53659;0 1 2 14 7 6 13 11 12 10 8 5 3 9 4 15 0
2;71;354;26;7.92683;13 11 12 7 6 1 2 0 4 5 10 8 14 3 9 15 13
3;65;356;28;8.53659;14 7 6 1 2 0 12 10 13 11 15 9 4 5 3 8 14
4;64;356;28;8.53659;14 7 6 1 2 0 12 10 13 11 15 9 4 5 3 8 14
5;46;359;31;9.45122;12 7 6 1 2 0 4 5 10 13 11 15 9 3 8 14 12
6;43;356;28;8.53659;7 6 1 2 0 12 10 13 11 15 9 4 5 3 8 14 7
7;66;357;29;8.84146;4 5 10 0 1 2 14 7 6 13 11 12 15 9 3 8 4
8;47;356;28;8.53659;0 1 2 14 7 6 13 11 12 10 8 5 3 9 4 15 0
9;46;359;31;9.45122;12 7 6 1 2 0 4 5 10 13 11 15 9 3 8 14 12
10;42;335;7;2.13415;5 10 0 1 2 14 7 6 13 11 12 15 9 4 3 8 5
11;111;380;52;15.8537;11 12 7 6 1 2 0 4 5 10 13 15 9 3 8 14 11
12;40;335;7;2.13415;5 10 0 1 2 14 7 6 13 11 12 15 9 4 3 8 5
13;41;354;26;7.92683;13 11 12 7 6 1 2 0 4 5 10 8 14 3 9 15 13
14;40;354;26;7.92683;13 11 12 7 6 1 2 0 4 5 10 8 14 3 9 15 13
15;47;335;7;2.13415;5 10 0 1 2 14 7 6 13 11 12 15 9 4 3 8 5
sredni czas [us];blad bezwzgledny;blad bezwzgledny x2;blad wzgledny [%];;
55;25.4667;50.9333;15.5285;;
;;;;;
;;;;;
plik:;g/gr17.txt;;;;
wynik optymalny:;344;;;;
liczba wierzcholkow:;17;;;;
iteracja;czas [us];wynik;blad bezwzgledny;blad wzgledny;sciezka
1;65;377;33;9.59302;9 4 5 10 16 0 1 2 14 7 6 13 11 12 15 3 8 9
2;68;374;30;8.72093;15 12 7 6 1 2 0 4 5 10 16 9 13 11 8 14 3 15
3;47;376;32;9.30233;7 6 1 2 0 12 10 16 4 5 13 11 15 9 3 8 14 7
4;58;392;48;13.9535;4 5 10 16 9 13 11 12 7 6 1 2 0 14 3 8 15 4
5;44;376;32;9.30233;14 7 6 1 2 0 12 10 16 4 5 13 11 15 9 3 8 14
6;44;377;33;9.59302;12 7 6 1 2 0 4 5 10 16 9 13 11 15 14 3 8 12
7;39;364;20;5.81395;16 4 5 10 0 1 2 14 7 6 13 11 12 15 9 3 8 16
8;43;382;38;11.0465;0 1 2 14 7 6 13 11 12 10 16 4 5 3 9 15 8 0
9;40;376;32;9.30233;7 6 1 2 0 12 10 16 4 5 13 11 15 9 3 8 14 7
10;44;376;32;9.30233;7 6 1 2 0 12 10 16 4 5 13 11 15 9 3 8 14 7
11;39;380;36;10.4651;13 11 12 7 6 1 2 0 4 5 10 16 9 3 8 14 15 13
12;39;369;25;7.26744;3 0 1 2 14 7 6 13 11 12 10 16 4 5 8 15 9 3
13;39;377;33;9.59302;6 7 16 4 5 10 0 1 2 14 13 11 12 15 9 3 8 6
14;39;392;48;13.9535;4 5 10 16 9 13 11 12 7 6 1 2 0 14 3 8 15 4
15;45;376;32;9.30233;14 7 6 1 2 0 12 10 16 4 5 13 11 15 9 3 8 14
sredni czas [us];blad bezwzgledny;blad bezwzgledny x2;blad wzgledny [%];;
46;33.6;67.2;19.5349;;
;;;;;
;;;;;
plik:;g/gr18.txt;;;;
wynik optymalny:;141;;;;
liczba wierzcholkow:;18;;;;
iteracja;czas [us];wynik;blad bezwzgledny;blad wzgledny;sciezka
1;95;192;51;36.1702;12 16 11 7 9 10 6 2 5 8 4 1 14 13 3 15 17 0 12
2;47;197;56;39.7163;6 7 9 10 17 12 16 11 5 8 4 2 14 13 3 15 1 0 6
3;47;198;57;40.4255;17 12 16 11 7 9 10 6 2 5 8 4 1 14 13 3 15 0 17
4;143;175;34;24.1135;14 9 10 6 7 17 12 16 11 5 8 4 2 0 13 3 15 1 14
5;41;198;57;40.4255;17 12 16 11 7 9 10 6 2 5 8 4 1 14 13 3 15 0 17
6;46;238;97;68.7943;2 5 9 10 6 7 17 12 16 11 15 1 8 4 0 13 3 14 2
7;83;177;36;25.5319;13 3 15 1 12 16 11 7 9 10 6 2 5 8 4 17 14 0 13
8;41;238;97;68.7943;2 5 9 10 6 7 17 12 16 11 15 1 8 4 0 13 3 14 2
9;121;175;34;24.1135;14 9 10 6 7 17 12 16 11 5 8 4 2 0 13 3 15 1 14
10;74;182;41;29.078;9 10 6 7 17 12 16 11 5 8 4 2 14 13 3 15 1 0 9
11;79;182;41;29.078;9 10 6 7 17 12 16 11 5 8 4 2 14 13 3 15 1 0 9
12;62;206;65;46.0993;0 7 9 10 6 2 5 8 4 1 12 16 11 17 3 15 13 14 0
13;49;266;125;88.6525;7 9 10 6 2 5 8 4 1 12 16 11 17 3 15 13 0 14 7
14;49;198;57;40.4255;17 12 16 11 7 9 10 6 2 5 8 4 1 14 13 3 15 0 17
15;47;182;41;29.078;9 10 6 7 17 12 16 11 5 8 4 2 14 13 3 15 1 0 9
sredni czas [us];blad bezwzgledny;blad bezwzgledny x2;blad wzgledny [%];;
68;59.2667;118.533;84.0662;;
;;;;;
;;;;;
plik:;g/gr19.txt;;;;
wynik optymalny:;147;;;;
liczba wierzcholkow:;19;;;;
iteracja;czas [us];wynik;blad bezwzgledny;blad wzgledny;sciezka
1;68;218;71;48.2993;18 0 7 9 10 6 2 5 8 4 1 12 16 11 17 3 15 13 14 18
2;98;250;103;70.068;15 1 12 16 11 7 9 10 6 2 5 8 4 17 3 13 18 0 14 15
3;85;156;9;6.12245;10 6 7 9 14 4 2 5 8 17 12 16 11 18 0 13 3 15 1 10
4;81;175;28;19.0476;8 4 2 5 9 10 6 7 17 12 16 11 18 0 15 1 14 13 3 8
5;87;175;28;19.0476;8 4 2 5 9 10 6 7 17 12 16 11 18 0 15 1 14 13 3 8
6;79;175;28;19.0476;8 4 2 5 9 10 6 7 17 12 16 11 18 0 15 1 14 13 3 8
7;167;205;58;39.4558;11 17 12 16 0 7 9 10 6 2 5 8 4 1 14 13 3 15 18 11
8;48;254;107;72.7891;7 9 10 6 2 5 8 4 1 12 16 11 17 3 15 13 18 0 14 7
9;44;254;107;72.7891;7 9 10 6 2 5 8 4 1 12 16 11 17 3 15 13 18 0 14 7
10;133;204;57;38.7755;2 5 9 10 6 7 17 12 16 11 18 0 13 3 15 1 8 4 14 2
11;50;254;107;72.7891;7 9 10 6 2 5 8 4 1 12 16 11 17 3 15 13 18 0 14 7
12;147;187;40;27.2109;13 3 15 1 12 16 11 7 9 10 6 2 5 8 4 17 14 0 18 13
13;94;250;103;70.068;15 1 12 16 11 7 9 10 6 2 5 8 4 17 3 13 18 0 14 15
14;85;187;40;27.2109;13 3 15 1 12 16 11 7 9 10 6 2 5 8 4 17 14 0 18 13
15;89;153;6;4.08163;4 2 5 9 10 6 7 17 12 16 11 18 0 13 3 15 1 8 14 4
sredni czas [us];blad bezwzgledny;blad bezwzgledny x2;blad wzgledny [%];;
90;59.4667;118.933;80.907;;
;;;;;
;;;;;
plik:;g/gr20.txt;;;;
wynik optymalny:;148;;;;
liczba wierzcholkow:;20;;;;
iteracja;czas [us];wynik;blad bezwzgledny;blad wzgledny;sciezka
1;104;210;62;41.8919;1 12 16 11 7 9 10 6 2 5 8 4 19 13 3 15 17 14 0 18 1
2;73;208;60;40.5405;10 6 7 9 14 19 13 3 15 1 12 16 11 17 2 5 8 4 0 18 10
3;53;175;27;18.2432;17 12 16 11 7 9 10 6 2 5 8 4 19 13 3 15 1 14 0 18 17
4;174;216;68;45.9459;8 4 19 13 3 15 1 12 16 11 7 9 10 6 2 5 18 0 17 14 8
5;105;206;58;39.1892;11 17 12 16 0 7 9 10 6 2 5 8 4 19 13 3 15 1 14 18 11
6;129;187;39;26.3514;9 10 6 7 17 12 16 11 18 0 19 13 3 15 1 8 4 2 5 14 9
7;98;209;61;41.2162;3 15 1 12 16 11 7 9 10 6 2 5 8 4 19 13 18 0 17 14 3
8;89;209;61;41.2162;3 15 1 12 16 11 7 9 10 6 2 5 8 4 19 13 18 0 17 14 3
9;51;208;60;40.5405;10 6 7 9 14 19 13 3 15 1 12 16 11 17 2 5 8 4 0 18 10
10;137;225;77;52.027;6 7 9 10 17 12 16 11 18 0 19 13 3 15 1 8 4 2 5 14 6
11;99;226;78;52.7027;15 1 12 16 11 7 9 10 6 2 5 8 4 19 13 3 0 18 17 14 15
12;136;187;39;26.3514;9 10 6 7 17 12 16 11 18 0 19 13 3 15 1 8 4 2 5 14 9
13;129;187;39;26.3514;9 10 6 7 17 12 16 11 18 0 19 13 3 15 1 8 4 2 5 14 9
14;55;173;25;16.8919;0 7 9 10 6 2 5 8 4 19 13 3 15 1 12 16 11 17 14 18 0
15;100;191;43;29.0541;13 3 15 1 12 16 11 7 9 10 6 2 5 8 4 19 17 14 0 18 13
sredni czas [us];blad bezwzgledny;blad bezwzgledny x2;blad wzgledny [%];;
102;53.1333;106.267;71.8018;;
;;;;;
;;;;;
BADANIE;07:23:54;;;;
metoda:;nearest-neighbour;;;;
konfiguracja:;branches=2         , input_files=g/gr6s.txt,g/gr7s.txt,g/gr8s.txt,g/gr9s.txt,g/gr10s.txt,g/gr11s.txt,g/gr12s.txt,g/gr13s.txt,g/gr14s.txt,g/gr15s.txt,g/gr16s.txt,g/gr17s.txt,g/gr18s.txt,g/gr19s.txt,g/gr20s.txt, iterations=15, max_exec_time_s=1800, search_type=1            , starting_node_bb=-1          # warto, starting_node_nn=-1          # warto, ;;;;
;;;;;
plik:;g/gr6s.txt;;;;
wynik optymalny:;158;;;;
liczba wierzcholkow:;6;;;;
iteracja;czas [us];wynik;blad bezwzgledny;blad wzgledny;sciezka
1;1270;158;0;0;3 0 5 1 4 2 3
2;70;216;58;36.7089;0 3 4 2 5 1 0
3;42;216;58;36.7089;0 3 4 2 5 1 0
4;40;158;0;0;4 2 3 0 5 1 4
5;45;192;34;21.519;2 4 3 0 5 1 2
6;45;158;0;0;3 0 5 1 4 2 3
7;54;158;0;0;4 2 3 0 5 1 4
8;59;199;41;25.9494;1 3 0 5 4 2 1
9;47;160;2;1.26582;5 1 3 0 2 4 5
10;47;192;34;21.519;2 4 3 0 5 1 2
11;55;192;34;21.519;2 4 3 0 5 1 2
12;65;192;34;21.519;2 4 3 0 5 1 2
13;46;158;0;0;4 2 3 0 5 1 4
14;47;158;0;0;4 2 3 0 5 1 4
15;48;199;41;25.9494;1 3 0 5 4 2 1
sredni czas [us];blad bezwzgledny;blad bezwzgledny x2;blad wzgledny [%];;
132;22.4;44.8;28.3544;;
;;;;;
;;;;;
plik:;g/gr7s.txt;;;;
wynik optymalny:;215;;;;
liczba wierzcholkow:;7;;;;
iteracja;czas [us];wynik;blad bezwzgledny;blad wzgledny;sciezka
1;44;276;61;28.3721;0 3 4 2 5 1 6 0
2;49;253;38;17.6744;5 1 3 0 2 4 6 5
3;65;276;61;28.3721;0 3 4 2 5 1 6 0
4;49;253;38;17.6744;5 1 3 0 2 4 6 5
5;46;250;35;16.2791;2 4 3 0 5 1 6 2
6;35;250;35;16.2791;2 4 3 0 5 1 6 2
7;71;215;0;0;4 2 3 0 5 1 6 4
8;188;253;38;17.6744;5 1 3 0 2 4 6 5
9;56;215;0;0;3 0 5 1 6 4 2 3
10;49;276;61;28.3721;0 3 4 2 5 1 6 0
11;50;250;35;16.2791;2 4 3 0 5 1 6 2
12;52;215;0;0;4 2 3 0 5 1 6 4
13;49;215;0;0;3 0 5 1 6 4 2 3
14;45;250;35;16.2791;2 4 3 0 5 1 6 2
15;50;253;38;17.6744;5 1 3 0 2 4 6 5
sredni czas [us];blad bezwzgledny;blad bezwzgledny x2;blad wzgledny [%];;
59;31.6667;63.3333;29.4574;;
;;;;;
;;;;;
plik:;g/gr8s.txt;;;;
wynik optymalny:;202;;;;
liczba wierzcholkow:;8;;;;
iteracja;czas [us];wynik;blad bezwzgledny;blad wzgledny;sciezka
1;52;264;62;30.6931;1 3 0 5 7 6 4 2 1
2;83;225;23;11.3861;6 7 5 1 3 0 2 4 6
3;49;202;0;0;4 2 3 0 5 7 6 1 4
4;35;202;0;0;3 0 5 7 6 1 4 2 3
5;31;225;23;11.3861;6 7 5 1 3 0 2 4 6
6;29;240;38;18.8119;7 6 1 3 0 5 4 2 7
7;29;202;0;0;3 0 5 7 6 1 4 2 3
8;36;260;58;28.7129;0 3 4 2 5 7 6 1 0
9;29;260;58;28.7129;0 3 4 2 5 7 6 1 0
10;29;225;23;11.3861;6 7 5 1 3 0 2 4 6
11;31;202;0;0;3 0 5 7 6 1 4 2 3
12;29;236;34;16.8317;2 4 3 0 5 7 6 1 2
13;37;236;34;16.8317;2 4 3 0 5 7 6 1 2
14;36;204;2;0.990099;5 7 6 1 3 0 2 4 5
15;29;202;0;0;3 0 5 7 6 1 4 2 3
sredni czas [us];blad bezwzgledny;blad bezwzgledny x2;blad wzgledny [%];;
37;23.6667;47.3333;23.4323;;
;;;;;
;;;;;
plik:;g/gr9s.txt;;;;
wynik optymalny:;215;;;;
liczba wierzcholkow:;9;;;;
iteracja;czas [us];wynik;blad bezwzgledny;blad wzgledny;sciezka
1;35;260;45;20.9302;4 2 3 0 5 7 6 1 8 4
2;44;259;44;20.4651;2 4 3 0 5 7 6 1 8 2
3;46;288;73;33.9535;1 3 0 5 7 6 8 4 2 1
4;41;222;7;3.25581;8 7 6 1 3 0 5 4 2 8
5;35;260;45;20.9302;4 2 3 0 5 7 6 1 8 4
6;32;216;1;0.465116;6 7 8 4 2 3 0 5 1 6
7;30;295;80;37.2093;3 0 5 7 6 1 4 2 8 3
8;35;216;1;0.465116;6 7 8 4 2 3 0 5 1 6
9;30;288;73;33.9535;1 3 0 5 7 6 8 4 2 1
10;29;244;29;13.4884;5 7 6 1 3 0 2 4 8 5
11;38;222;7;3.25581;8 7 6 1 3 0 5 4 2 8
12;36;222;7;3.25581;8 7 6 1 3 0 5 4 2 8
13;36;259;44;20.4651;2 4 3 0 5 7 6 1 8 2
14;38;288;73;33.9535;1 3 0 5 7 6 8 4 2 1
15;33;222;7;3.25581;8 7 6 1 3 0 5 4 2 8
sredni czas [us];blad bezwzgledny;blad bezwzgledny x2;blad wzgledny [%];;
35;35.7333;71.4667;33.2403;;
;;;;;
;;;;;
plik:;g/gr10s.txt;;;;
wynik optymalny:;212;;;;
liczba wierzcholkow:;10;;;;
iteracja;czas [us];wynik;blad bezwzgledny;blad wzgledny;sciezka
1;37;219;7;3.30189;8 7 6 9 1 3 0 5 4 2 8
2;37;213;1;0.471698;6 7 8 4 2 3 0 5 1 9 6
3;37;241;29;13.6792;5 7 6 9 1 3 0 2 4 8 5
4;37;219;7;3.30189;7 6 9 1 3 0 5 4 2 8 7
5;33;257;45;21.2264;9 1 3 0 5 7 6 8 4 2 9
6;31;219;7;3.30189;8 7 6 9 1 3 0 5 4 2 8
7;30;241;29;13.6792;5 7 6 9 1 3 0 2 4 8 5
8;30;292;80;37.7358;3 0 5 7 6 9 1 4 2 8 3
9;52;213;1;0.471698;1 9 6 7 8 4 2 3 0 5 1
10;50;219;7;3.30189;7 6 9 1 3 0 5 4 2 8 7
11;55;256;44;20.7547;2 4 3 0 5 7 6 9 1 8 2
12;36;213;1;0.471698;1 9 6 7 8 4 2 3 0 5 1
13;38;257;45;21.2264;4 2 3 0 5 7 6 9 1 8 4
14;36;219;7;3.30189;8 7 6 9 1 3 0 5 4 2 8
15;60;300;88;41.5094;0 3 4 2 9 1 5 7 6 8 0
sredni czas [us];blad bezwzgledny;blad bezwzgledny x2;blad wzgledny [%];;
39;26.5333;53.0667;25.0314;;
;;;;;
;;;;;
plik:;g/gr11s.txt;;;;
wynik optymalny:;251;;;;
liczba wierzcholkow:;11;;;;
iteracja;czas [us];wynik;blad bezwzgledny;blad wzgledny;sciezka
1;44;283;32;12.749;8 4 6 2 9 7 1 0 10 3 5 8
2;34;326;75;29.8805;6 4 8 1 7 9 2 5 3 10 0 6
3;34;251;0;0;10 3 5 7 9 2 6 4 8 1 0 10
4;34;283;32;12.749;0 10 3 5 7 9 8 4 6 2 1 0
5;32;251;0;0;3 5 7 9 2 6 4 8 1 0 10 3
6;35;303;52;20.7171;9 7 1 8 4 6 2 5 3 10 0 9
7;32;326;75;29.8805;6 4 8 1 7 9 2 5 3 10 0 6
8;31;251;0;0;8 4 6 2 9 7 5 3 10 0 1 8
9;31;283;32;12.749;3 5 7 9 8 4 6 2 1 0 10 3
10;31;251;0;0;7 9 2 6 4 8 1 0 10 3 5 7
11;34;306;55;21.9124;2 6 4 8 1 7 9 5 3 10 0 2
12;32;251;0;0;10 3 5 7 9 2 6 4 8 1 0 10
13;32;270;19;7.56972;3 5 7 9 2 6 8 4 1 0 10 3
14;32;283;32;12.749;3 5 7 9 8 4 6 2 1 0 10 3
15;32;251;0;0;1 8 4 6 2 9 7 5 3 10 0 1
sredni czas [us];blad bezwzgledny;blad bezwzgledny x2;blad wzgledny [%];;
33;26.9333;53.8667;21.4608;;
;;;;;
;;;;;
plik:;g/gr12s.txt;;;;
wynik optymalny:;264;;;;
liczba wierzcholkow:;12;;;;
iteracja;czas [us];wynik;blad bezwzgledny;blad wzgledny;sciezka
1;41;264;0;0;2 11 9 7 5 3 10 0 1 8 4 6 2
2;42;283;19;7.19697;3 5 7 9 11 2 6 8 4 1 0 10 3
3;42;264;0;0;0 10 3 5 7 9 11 2 6 4 8 1 0
4;44;339;75;28.4091;6 4 8 1 7 9 11 2 5 3 10 0 6
5;35;358;94;35.6061;6 8 4 1 7 9 11 2 5 3 10 0 6
6;42;339;75;28.4091;6 4 8 1 7 9 11 2 5 3 10 0 6
7;38;264;0;0;0 1 8 4 6 2 11 9 7 5 3 10 0
8;36;264;0;0;5 3 10 0 1 8 4 6 2 11 9 7 5
9;36;283;19;7.19697;7 9 11 2 6 8 4 1 0 10 3 5 7
10;35;306;42;15.9091;9 7 1 8 4 6 2 11 5 3 10 0 9
11;58;283;19;7.19697;3 5 7 9 11 2 6 8 4 1 0 10 3
12;56;341;77;29.1667;6 2 11 9 7 1 8 4 0 10 3 5 6
13;42;338;74;28.0303;11 2 6 8 4 1 7 9 5 3 10 0 11
14;61;341;77;29.1667;4 8 1 7 9 11 2 6 5 3 10 0 4
15;55;264;0;0;11 9 7 5 3 10 0 1 8 4 6 2 11
sredni czas [us];blad bezwzgledny;blad bezwzgledny x2;blad wzgledny [%];;
44;38.0667;76.1333;28.8384;;
;;;;;
;;;;;
plik:;g/gr13s.txt;;;;
wynik optymalny:;269;;;;
liczba wierzcholkow:;13;;;;
iteracja;czas [us];wynik;blad bezwzgledny;blad wzgledny;sciezka
1;65;269;0;0;4 8 1 12 0 10 3 5 7 9 11 2 6 4
2;59;326;57;21.1896;11 9 7 1 12 0 10 3 5 2 6 4 8 11
3;55;301;32;11.8959;0 12 1 7 9 11 2 6 4 8 5 3 10 0
4;56;269;0;0;5 3 10 0 12 1 8 4 6 2 11 9 7 5
5;54;269;0;0;11 2 6 4 8 1 12 0 10 3 5 7 9 11
6;57;269;0;0;5 3 10 0 12 1 8 4 6 2 11 9 7 5
7;43;325;56;20.8178;12 1 7 9 11 2 6 4 8 0 10 3 5 12
8;57;269;0;0;10 3 5 7 9 11 2 6 4 8 1 12 0 10
9;59;288;19;7.0632;10 3 5 7 9 11 2 6 8 4 1 12 0 10
10;58;301;32;11.8959;8 4 6 2 11 9 7 1 12 0 10 3 5 8
11;57;269;0;0;1 12 0 10 3 5 7 9 11 2 6 4 8 1
12;44;291;22;8.17844;9 7 1 12 0 10 3 5 11 2 6 4 8 9
13;42;269;0;0;6 4 8 1 12 0 10 3 5 7 9 11 2 6
14;43;301;32;11.8959;2 11 9 7 1 12 0 10 3 5 8 4 6 2
15;44;291;22;8.17844;9 7 1 12 0 10 3 5 11 2 6 4 8 9
sredni czas [us];blad bezwzgledny;blad bezwzgledny x2;blad wzgledny [%];;
52;18.1333;36.2667;13.482;;
;;;;;
;;;;;
plik:;g/gr14s.txt;;;;
wynik optymalny:;282;;;;
liczba wierzcholkow:;14;;;;
iteracja;czas [us];wynik;blad bezwzgledny;blad wzgledny;sciezka
1;274;339;57;20.2128;11 13 9 7 1 12 0 10 3 5 2 6 4 8 11
2;57;314;32;11.3475;8 4 6 2 11 13 9 7 1 12 0 10 3 5 8
3;62;282;0;0;9 7 5 3 10 0 12 1 8 4 6 2 11 13 9
4;49;290;8;2.83688;3 5 7 9 11 13 2 6 4 8 1 12 0 10 3
5;44;282;0;0;12 1 8 4 6 2 11 13 9 7 5 3 10 0 12
6;37;290;8;2.83688;1 12 0 10 3 5 7 9 11 13 2 6 4 8 1
7;65;301;19;6.73759;13 11 2 6 8 4 1 12 0 10 3 5 7 9 13
8;62;282;0;0;0 12 1 8 4 6 2 11 13 9 7 5 3 10 0
9;62;333;51;18.0851;4 8 6 2 11 13 9 7 1 12 0 10 3 5 4
10;60;322;40;14.1844;13 11 9 7 1 12 0 10 3 5 8 4 6 2 13
11;57;290;8;2.83688;3 5 7 9 11 13 2 6 4 8 1 12 0 10 3
12;81;290;8;2.83688;10 3 5 7 9 11 13 2 6 4 8 1 12 0 10
13;42;309;27;9.57447;6 8 4 1 12 0 10 3 5 7 9 11 13 2 6
14;44;290;8;2.83688;3 5 7 9 11 13 2 6 4 8 1 12 0 10 3
15;60;309;27;9.57447;3 5 7 9 11 13 2 6 8 4 1 12 0 10 3
sredni czas [us];blad bezwzgledny;blad bezwzgledny x2;blad wzgledny [%];;
70;19.5333;39.0667;13.8534;;
;;;;;
;;;;;
plik:;g/gr15s.txt;;;;
wynik optymalny:;291;;;;
liczba wierzcholkow:;15;;;;
iteracja;czas [us];wynik;blad bezwzgledny;blad wzgledny;sciezka
1;43;291;0;0;0 12 1 14 8 4 6 2 11 13 9 7 5 3 10 0
2;43;299;8;2.74914;8 14 1 12 0 10 3 5 7 9 11 13 2 6 4 8
3;61;299;8;2.74914;4 8 14 1 12 0 10 3 5 7 9 11 13 2 6 4
4;43;299;8;2.74914;4 8 14 1 12 0 10 3 5 7 9 11 13 2 6 4
5;45;291;0;0;5 3 10 0 12 1 14 8 4 6 2 11 13 9 7 5
6;44;317;26;8.93471;7 9 11 13 5 3 10 0 12 1 14 8 4 6 2 7
7;60;291;0;0;14 8 4 6 2 11 13 9 7 5 3 10 0 12 1 14
8;60;361;70;24.055;13 11 9 7 1 12 0 10 3 5 2 6 4 8 14 13
9;49;374;83;28.5223;13 11 9 7 1 12 14 8 4 6 2 5 3 10 0 13
10;43;299;8;2.74914;4 8 14 1 12 0 10 3 5 7 9 11 13 2 6 4
11;215;317;26;8.93471;7 9 11 13 5 3 10 0 12 1 14 8 4 6 2 7
12;60;291;0;0;11 13 9 7 5 3 10 0 12 1 14 8 4 6 2 11
13;44;291;0;0;9 7 5 3 10 0 12 1 14 8 4 6 2 11 13 9
14;43;299;8;2.74914;8 14 1 12 0 10 3 5 7 9 11 13 2 6 4 8
15;49;390;99;34.0206;2 11 13 9 7 1 12 14 8 4 6 5 3 10 0 2
sredni czas [us];blad bezwzgledny;blad bezwzgledny x2;blad wzgledny [%];;
60;22.9333;45.8667;15.7617;;
;;;;;
;;;;;
plik:;g/gr16s.txt;;;;
wynik optymalny:;268;;;;
liczba wierzcholkow:;16;;;;
iteracja;czas [us];wynik;blad bezwzgledny;blad wzgledny;sciezka
1;64;301;33;12.3134;1 9 0 3 14 10 15 11 8 4 12 6 5 13 2 7 1
2;66;303;35;13.0597;2 7 11 15 10 14 3 9 0 13 12 4 8 1 6 5 2
3;84;296;28;10.4478;3 9 0 13 14 10 15 11 8 4 12 6 5 1 2 7 3
4;52;315;47;17.5373;9 0 3 14 10 15 11 8 4 12 6 5 1 13 2 7 9
5;62;291;23;8.58209;13 14 3 9 0 8 11 15 10 1 2 7 4 12 6 5 13
6;63;307;39;14.5522;11 15 10 14 3 9 0 13 12 4 8 7 2 6 5 1 11
7;66;292;24;8.95522;10 14 3 9 0 13 12 4 8 11 15 6 5 1 2 7 10
8;66;296;28;10.4478;3 9 0 13 14 10 15 11 8 4 12 6 5 1 2 7 3
9;62;301;33;12.3134;1 9 0 3 14 10 15 11 8 4 12 6 5 13 2 7 1
10;47;294;26;9.70149;15 11 8 4 12 6 5 9 0 3 14 10 1 13 2 7 15
11;62;301;33;12.3134;1 9 0 3 14 10 15 11 8 4 12 6 5 13 2 7 1
12;62;298;30;11.194;14 3 9 0 13 12 4 8 11 15 10 1 2 7 5 6 14
13;61;279;11;4.10448;12 4 8 11 15 10 14 3 9 0 13 1 2 7 5 6 12
14;62;301;33;12.3134;1 9 0 3 14 10 15 11 8 4 12 6 5 13 2 7 1
15;62;311;43;16.0448;0 9 3 14 10 15 11 8 4 12 6 5 1 13 2 7 0
sredni czas [us];blad bezwzgledny;blad bezwzgledny x2;blad wzgledny [%];;
62;31.0667;62.1333;23.1841;;
;;;;;
;;;;;
plik:;g/gr17s.txt;;;;
wynik optymalny:;292;;;;
liczba wierzcholkow:;17;;;;
iteracja;czas [us];wynik;blad bezwzgledny;blad wzgledny;sciezka
1;66;325;33;11.3014;8 11 15 10 14 3 9 0 13 12 4 6 5 1 2 7 16 8
2;48;331;39;13.3562;1 9 0 3 14 10 15 11 8 4 12 6 5 13 2 7 16 1
3;42;324;32;10.9589;2 7 11 15 10 14 3 9 0 13 12 4 8 1 6 5 16 2
4;39;331;39;13.3562;1 9 0 3 14 10 15 11 8 4 12 6 5 13 2 7 16 1
5;68;308;16;5.47945;12 4 8 11 15 10 14 3 9 0 13 1 2 7 16 6 5 12
6;46;324;32;10.9589;2 7 11 15 10 14 3 9 0 13 12 4 8 1 6 5 16 2
7;40;316;24;8.21918;9 0 3 14 10 15 11 8 4 12 6 5 1 13 2 7 16 9
8;40;324;32;10.9589;16 2 7 11 15 10 14 3 9 0 13 12 4 8 1 6 5 16
9;40;354;62;21.2329;13 14 3 9 0 8 11 15 10 1 2 7 16 6 12 4 5 13
10;39;316;24;8.21918;9 0 3 14 10 15 11 8 4 12 6 5 1 13 2 7 16 9
11;47;336;44;15.0685;0 9 3 14 10 15 11 8 4 12 6 5 1 13 2 7 16 0
12;46;316;24;8.21918;9 0 3 14 10 15 11 8 4 12 6 5 1 13 2 7 16 9
13;40;314;22;7.53425;3 9 0 13 14 10 15 11 8 4 12 6 5 1 2 7 16 3
14;40;324;32;10.9589;16 2 7 11 15 10 14 3 9 0 13 12 4 8 1 6 5 16
15;40;340;48;16.4384;11 15 10 14 3 9 0 13 12 4 8 7 2 16 6 5 1 11
sredni czas [us];blad bezwzgledny;blad bezwzgledny x2;blad wzgledny [%];;
45;33.5333;67.0667;22.968;;
;;;;;
;;;;;
plik:;g/gr18s.txt;;;;
wynik optymalny:;294;;;;
liczba wierzcholkow:;18;;;;
iteracja;czas [us];wynik;blad bezwzgledny;blad wzgledny;sciezka
1;64;325;31;10.5442;17 10 14 3 9 0 13 12 4 8 11 15 6 5 1 2 7 16 17
2;49;307;13;4.42177;2 7 11 15 10 17 8 4 12 6 5 9 0 3 14 13 1 16 2
3;52;307;13;4.42177;16 2 7 11 15 10 17 8 4 12 6 5 9 0 3 14 13 1 16
4;49;342;48;16.3265;14 10 17 0 9 3 11 15 4 12 6 5 1 13 2 7 16 8 14
5;49;344;50;17.0068;11 15 10 17 0 9 3 14 13 12 4 8 7 2 16 6 5 1 11
6;48;307;13;4.42177;16 2 7 11 15 10 17 8 4 12 6 5 9 0 3 14 13 1 16
7;42;342;48;16.3265;0 9 3 14 10 17 8 11 15 4 12 6 5 1 13 2 7 16 0
8;41;324;30;10.2041;13 14 3 9 0 17 10 15 11 8 4 12 6 5 1 2 7 16 13
9;41;304;10;3.40136;12 4 8 17 10 14 3 9 0 13 1 15 11 7 2 16 6 5 12
10;54;307;13;4.42177;2 7 11 15 10 17 8 4 12 6 5 9 0 3 14 13 1 16 2
11;46;369;75;25.5102;9 0 17 10 14 3 11 15 4 12 6 5 1 13 2 7 16 8 9
12;41;342;48;16.3265;14 10 17 0 9 3 11 15 4 12 6 5 1 13 2 7 16 8 14
13;42;307;13;4.42177;16 2 7 11 15 10 17 8 4 12 6 5 9 0 3 14 13 1 16
14;42;328;34;11.5646;16 2 7 11 15 10 17 0 9 3 14 13 12 4 8 1 6 5 16
15;50;342;48;16.3265;0 9 3 14 10 17 8 11 15 4 12 6 5 1 13 2 7 16 0
sredni czas [us];blad bezwzgledny;blad bezwzgledny x2;blad wzgledny [%];;
47;32.4667;64.9333;22.0862;;
;;;;;
;;;;;
plik:;g/gr19s.txt;;;;
wynik optymalny:;309;;;;
liczba wierzcholkow:;19;;;;
iteracja;czas [us];wynik;blad bezwzgledny;blad wzgledny;sciezka
1;49;345;36;11.6505;3 9 0 17 10 14 13 12 4 8 11 15 6 5 18 2 7 16 1 3
2;51;323;14;4.53074;7 2 18 11 15 10 17 8 4 12 6 5 9 0 3 14 13 1 16 7
3;52;331;22;7.11974;14 10 17 0 9 3 11 15 4 12 6 5 18 2 7 16 8 1 13 14
4;60;322;13;4.20712;13 14 3 9 0 17 10 15 11 18 2 7 16 8 4 12 6 5 1 13
5;49;326;17;5.50162;6 12 4 8 17 10 14 3 9 0 13 1 15 11 18 2 7 16 5 6
6;45;345;36;11.6505;4 12 6 5 9 0 17 10 14 3 11 15 16 2 18 7 8 1 13 4
7;43;323;14;4.53074;7 2 18 11 15 10 17 8 4 12 6 5 9 0 3 14 13 1 16 7
8;47;345;36;11.6505;3 9 0 17 10 14 13 12 4 8 11 15 6 5 18 2 7 16 1 3
9;44;319;10;3.23625;16 2 18 11 15 10 17 8 4 12 6 5 9 0 3 14 13 1 7 16
10;43;330;21;6.79612;15 11 18 2 7 16 9 0 17 10 14 3 5 6 12 4 8 1 13 15
11;50;340;31;10.0324;8 17 10 14 3 9 0 13 12 4 15 11 18 2 7 16 6 5 1 8
12;44;326;17;5.50162;5 6 12 4 8 17 10 14 3 9 0 13 1 15 11 18 2 7 16 5
13;43;320;11;3.55987;12 4 8 17 10 14 3 9 0 13 1 15 11 18 2 7 16 6 5 12
14;43;373;64;20.712;18 2 7 11 15 10 17 0 9 3 14 13 12 4 8 1 6 5 16 18
15;45;326;17;5.50162;5 6 12 4 8 17 10 14 3 9 0 13 1 15 11 18 2 7 16 5
sredni czas [us];blad bezwzgledny;blad bezwzgledny x2;blad wzgledny [%];;
47;23.9333;47.8667;15.4908;;
;;;;;
;;;;;
plik:;g/gr20s.txt;;;;
wynik optymalny:;330;;;;
liczba wierzcholkow:;20;;;;
iteracja;czas [us];wynik;blad bezwzgledny;blad wzgledny;sciezka
1;67;377;47;14.2424;7 2 18 11 15 10 17 8 4 12 6 5 9 0 3 14 13 1 16 19 7
2;51;348;18;5.45455;5 6 12 4 8 17 10 14 3 9 0 19 11 15 16 2 18 7 1 13 5
3;54;367;37;11.2121;1 17 10 14 3 9 0 19 11 15 4 12 6 5 18 2 7 16 8 13 1
4;52;372;42;12.7273;18 2 7 11 15 10 17 8 4 12 6 5 9 0 3 14 13 1 16 19 18
5;56;389;59;17.8788;11 15 10 17 0 9 3 14 13 12 4 8 7 2 18 5 6 19 16 1 11
6;47;362;32;9.69697;17 10 14 3 9 0 19 11 15 4 12 6 5 18 2 7 16 8 1 13 17
7;44;353;23;6.9697;19 0 9 3 14 10 17 8 11 15 4 12 6 5 18 2 7 16 1 13 19
8;43;353;23;6.9697;19 0 9 3 14 10 17 8 11 15 4 12 6 5 18 2 7 16 1 13 19
9;46;390;60;18.1818;18 2 7 11 15 10 17 0 9 3 14 13 12 4 8 19 6 5 1 16 18
10;47;353;23;6.9697;12 4 8 17 10 14 3 9 0 19 11 15 6 5 18 2 7 16 1 13 12
11;48;373;43;13.0303;16 2 18 11 15 10 17 8 4 12 6 5 9 0 3 14 13 1 7 19 16
12;47;364;34;10.303;2 18 11 15 10 17 0 9 3 14 13 12 4 8 7 16 19 6 5 1 2
13;47;370;40;12.1212;8 17 10 14 3 9 0 19 11 15 4 12 6 5 18 2 7 16 1 13 8
14;44;390;60;18.1818;16 2 18 11 15 10 17 0 9 3 14 13 12 4 8 7 5 6 19 1 16
15;48;376;46;13.9394;6 12 4 8 17 10 14 3 9 0 19 11 15 16 2 18 7 5 1 13 6
sredni czas [us];blad bezwzgledny;blad bezwzgledny x2;blad wzgledny [%];;
49;39.1333;78.2667;23.7172;;
;;;;;
;;;;;
BADANIE;07:24:09;;;;
metoda:;nearest-neighbour;;;;
konfiguracja:;branches=3         , input_files=g/gr6s.txt,g/gr7s.txt,g/gr8s.txt,g/gr9s.txt,g/gr10s.txt,g/gr11s.txt,g/gr12s.txt,g/gr13s.txt,g/gr14s.txt,g/gr15s.txt,g/gr16s.txt,g/gr17s.txt,g/gr18s.txt,g/gr19s.txt,g/gr20s.txt, iterations=15, max_exec_time_s=1800, search_type=1            , starting_node_bb=-1          # warto, starting_node_nn=-1          # warto, ;;;;
;;;;;
plik:;g/gr6s.txt;;;;
wynik optymalny:;158;;;;
liczba wierzcholkow:;6;;;;
iteracja;czas [us];wynik;blad bezwzgledny;blad wzgledny;sciezka
1;1093;160;2;1.26582;5 1 3 0 2 4 5
2;63;160;2;1.26582;5 1 3 0 2 4 5
3;59;158;0;0;3 0 5 1 4 2 3
4;51;158;0;0;4 2 3 0 5 1 4
5;45;216;58;36.7089;0 3 4 2 5 1 0
6;47;192;34;21.519;2 4 3 0 5 1 2
7;46;158;0;0;4 2 3 0 5 1 4
8;52;158;0;0;4 2 3 0 5 1 4
9;46;192;34;21.519;2 4 3 0 5 1 2
10;59;160;2;1.26582;5 1 3 0 2 4 5
11;108;216;58;36.7089;0 3 4 2 5 1 0
12;48;192;34;21.519;2 4 3 0 5 1 2
13;45;158;0;0;3 0 5 1 4 2 3
14;50;216;58;36.7089;0 3 4 2 5 1 0
15;35;158;0;0;3 0 5 1 4 2 3
sredni czas [us];blad bezwzgledny;blad bezwzgledny x2;blad wzgledny [%];;
123;18.8;37.6;23.7975;;
;;;;;
;;;;;
plik:;g/gr7s.txt;;;;
wynik optymalny:;215;;;;
liczba wierzcholkow:;7;;;;
iteracja;czas [us];wynik;blad bezwzgledny;blad wzgledny;sciezka
1;48;215;0;0;4 2 3 0 5 1 6 4
2;50;276;61;28.3721;0 3 4 2 5 1 6 0
3;53;215;0;0;4 2 3 0 5 1 6 4
4;48;253;38;17.6744;5 1 3 0 2 4 6 5
5;53;250;35;16.2791;2 4 3 0 5 1 6 2
6;51;250;35;16.2791;2 4 3 0 5 1 6 2
7;46;257;42;19.5349;6 1 3 0 5 4 2 6
8;51;215;0;0;4 2 3 0 5 1 6 4
9;50;257;42;19.5349;1 3 0 5 4 2 6 1
10;47;253;38;17.6744;5 1 3 0 2 4 6 5
11;49;215;0;0;3 0 5 1 6 4 2 3
12;44;250;35;16.2791;2 4 3 0 5 1 6 2
13;46;253;38;17.6744;5 1 3 0 2 4 6 5
14;52;276;61;28.3721;0 3 4 2 5 1 6 0
15;89;215;0;0;4 2 3 0 5 1 6 4
sredni czas [us];blad bezwzgledny;blad bezwzgledny x2;blad wzgledny [%];;
51;28.3333;56.6667;26.3566;;
;;;;;
;;;;;
plik:;g/gr8s.txt;;;;
wynik optymalny:;202;;;;
liczba wierzcholkow:;8;;;;
iteracja;czas [us];wynik;blad bezwzgledny;blad wzgledny;sciezka
1;35;204;2;0.990099;5 7 6 1 3 0 2 4 5
2;34;202;0;0;4 2 3 0 5 7 6 1 4
3;34;240;38;18.8119;7 6 1 3 0 5 4 2 7
4;48;202;0;0;3 0 5 7 6 1 4 2 3
5;49;236;34;16.8317;2 4 3 0 5 7 6 1 2
6;37;202;0;0;4 2 3 0 5 7 6 1 4
7;297;204;2;0.990099;5 7 6 1 3 0 2 4 5
8;37;260;58;28.7129;0 3 4 2 5 7 6 1 0
9;36;236;34;16.8317;2 4 3 0 5 7 6 1 2
10;37;204;2;0.990099;5 7 6 1 3 0 2 4 5
11;51;204;2;0.990099;5 7 6 1 3 0 2 4 5
12;40;236;34;16.8317;2 4 3 0 5 7 6 1 2
13;37;264;62;30.6931;1 3 0 5 7 6 4 2 1
14;38;225;23;11.3861;6 7 5 1 3 0 2 4 6
15;47;240;38;18.8119;7 6 1 3 0 5 4 2 7
sredni czas [us];blad bezwzgledny;blad bezwzgledny x2;blad wzgledny [%];;
57;21.9333;43.8667;21.7162;;
;;;;;
;;;;;
plik:;g/gr9s.txt;;;;
wynik optymalny:;215;;;;
liczba wierzcholkow:;9;;;;
iteracja;czas [us];wynik;blad bezwzgledny;blad wzgledny;sciezka
1;51;222;7;3.25581;8 7 6 1 3 0 5 4 2 8
2;36;288;73;33.9535;1 3 0 5 7 6 8 4 2 1
3;33;295;80;37.2093;3 0 5 7 6 1 4 2 8 3
4;38;260;45;20.9302;4 2 3 0 5 7 6 1 8 4
5;31;244;29;13.4884;5 7 6 1 3 0 2 4 8 5
6;32;260;45;20.9302;4 2 3 0 5 7 6 1 8 4
7;30;222;7;3.25581;8 7 6 1 3 0 5 4 2 8
8;30;244;29;13.4884;5 7 6 1 3 0 2 4 8 5
9;39;216;1;0.465116;6 7 8 4 2 3 0 5 1 6
10;32;222;7;3.25581;7 6 1 3 0 5 4 2 8 7
11;32;222;7;3.25581;8 7 6 1 3 0 5 4 2 8
12;30;222;7;3.25581;8 7 6 1 3 0 5 4 2 8
13;31;215;0;0;0 3 4 2 8 7 6 1 5 0
14;37;215;0;0;0 3 4 2 8 7 6 1 5 0
15;33;288;73;33.9535;1 3 0 5 7 6 8 4 2 1
sredni czas [us];blad bezwzgledny;blad bezwzgledny x2;blad wzgledny [%];;
34;27.3333;54.6667;25.4264;;
;;;;;
;;;;;
plik:;g/gr10s.txt;;;;
wynik optymalny:;212;;;;
liczba wierzcholkow:;10;;;;
iteracja;czas [us];wynik;blad bezwzgledny;blad wzgledny;sciezka
1;36;257;45;21.2264;9 1 3 0 5 7 6 8 4 2 9
2;50;219;7;3.30189;8 7 6 9 1 3 0 5 4 2 8
3;55;300;88;41.5094;0 3 4 2 9 1 5 7 6 8 0
4;38;256;44;20.7547;2 4 3 0 5 7 6 9 1 8 2
5;37;257;45;21.2264;9 1 3 0 5 7 6 8 4 2 9
6;38;257;45;21.2264;4 2 3 0 5 7 6 9 1 8 4
7;37;213;1;0.471698;1 9 6 7 8 4 2 3 0 5 1
8;34;241;29;13.6792;5 7 6 9 1 3 0 2 4 8 5
9;31;257;45;21.2264;4 2 3 0 5 7 6 9 1 8 4
10;30;257;45;21.2264;9 1 3 0 5 7 6 8 4 2 9
11;30;219;7;3.30189;8 7 6 9 1 3 0 5 4 2 8
12;35;256;44;20.7547;2 4 3 0 5 7 6 9 1 8 2
13;40;219;7;3.30189;7 6 9 1 3 0 5 4 2 8 7
14;36;257;45;21.2264;4 2 3 0 5 7 6 9 1 8 4
15;35;213;1;0.471698;6 7 8 4 2 3 0 5 1 9 6
sredni czas [us];blad bezwzgledny;blad bezwzgledny x2;blad wzgledny [%];;
37;33.2;66.4;31.3208;;
;;;;;
;;;;;
plik:;g/gr11s.txt;;;;
wynik optymalny:;251;;;;
liczba wierzcholkow:;11;;;;
iteracja;czas [us];wynik;blad bezwzgledny;blad wzgledny;sciezka
1;316;251;0;0;0 1 8 4 6 2 9 7 5 3 10 0
2;143;251;0;0;7 9 2 6 4 8 1 0 10 3 5 7
3;102;270;19;7.56972;4 8 6 2 9 7 5 3 10 0 1 4
4;119;251;0;0;5 3 10 0 1 8 4 6 2 9 7 5
5;67;306;55;21.9124;2 6 4 8 1 7 9 5 3 10 0 2
6;221;251;0;0;0 1 8 4 6 2 9 7 5 3 10 0
7;67;306;55;21.9124;2 6 4 8 1 7 9 5 3 10 0 2
8;122;251;0;0;6 2 9 7 5 3 10 0 1 8 4 6
9;77;251;0;0;9 7 5 3 10 0 1 8 4 6 2 9
10;63;251;0;0;8 4 6 2 9 7 5 3 10 0 1 8
11;66;251;0;0;8 4 6 2 9 7 5 3 10 0 1 8
12;69;251;0;0;9 7 5 3 10 0 1 8 4 6 2 9
13;134;251;0;0;1 8 4 6 2 9 7 5 3 10 0 1
14;111;251;0;0;10 3 5 7 9 2 6 4 8 1 0 10
15;134;251;0;0;1 8 4 6 2 9 7 5 3 10 0 1
sredni czas [us];blad bezwzgledny;blad bezwzgledny x2;blad wzgledny [%];;
120;8.6;17.2;6.85259;;
;;;;;
;;;;;
plik:;g/gr12s.txt;;;;
wynik optymalny:;264;;;;
liczba wierzcholkow:;12;;;;
iteracja;czas [us];wynik;blad bezwzgledny;blad wzgledny;sciezka
1;71;264;0;0;3 5 7 9 11 2 6 4 8 1 0 10 3
2;102;264;0;0;5 3 10 0 1 8 4 6 2 11 9 7 5
3;68;264;0;0;10 3 5 7 9 11 2 6 4 8 1 0 10
4;86;264;0;0;8 4 6 2 11 9 7 5 3 10 0 1 8
5;78;264;0;0;7 9 11 2 6 4 8 1 0 10 3 5 7
6;68;264;0;0;10 3 5 7 9 11 2 6 4 8 1 0 10
7;61;264;0;0;10 3 5 7 9 11 2 6 4 8 1 0 10
8;71;264;0;0;9 7 5 3 10 0 1 8 4 6 2 11 9
9;68;264;0;0;2 11 9 7 5 3 10 0 1 8 4 6 2
10;103;264;0;0;1 8 4 6 2 11 9 7 5 3 10 0 1
11;69;264;0;0;2 11 9 7 5 3 10 0 1 8 4 6 2
12;62;264;0;0;10 3 5 7 9 11 2 6 4 8 1 0 10
13;67;264;0;0;2 11 9 7 5 3 10 0 1 8 4 6 2
14;62;264;0;0;10 3 5 7 9 11 2 6 4 8 1 0 10
15;229;264;0;0;0 1 8 4 6 2 11 9 7 5 3 10 0
sredni czas [us];blad bezwzgledny;blad bezwzgledny x2;blad wzgledny [%];;
84;0;0;0;;
;;;;;
;;;;;
plik:;g/gr13s.txt;;;;
wynik optymalny:;269;;;;
liczba wierzcholkow:;13;;;;
iteracja;czas [us];wynik;blad bezwzgledny;blad wzgledny;sciezka
1;116;269;0;0;12 1 8 4 6 2 11 9 7 5 3 10 0 12
2;76;269;0;0;10 3 5 7 9 11 2 6 4 8 1 12 0 10
3;110;269;0;0;5 3 10 0 12 1 8 4 6 2 11 9 7 5
4;132;269;0;0;0 12 1 8 4 6 2 11 9 7 5 3 10 0
5;75;269;0;0;7 9 11 2 6 4 8 1 12 0 10 3 5 7
6;68;269;0;0;7 9 11 2 6 4 8 1 12 0 10 3 5 7
7;69;269;0;0;7 9 11 2 6 4 8 1 12 0 10 3 5 7
8;78;269;0;0;10 3 5 7 9 11 2 6 4 8 1 12 0 10
9;103;269;0;0;12 1 8 4 6 2 11 9 7 5 3 10 0 12
10;209;269;0;0;11 2 6 4 8 1 12 0 10 3 5 7 9 11
11;133;269;0;0;0 12 1 8 4 6 2 11 9 7 5 3 10 0
12;71;269;0;0;1 12 0 10 3 5 7 9 11 2 6 4 8 1
13;75;269;0;0;3 5 7 9 11 2 6 4 8 1 12 0 10 3
14;73;269;0;0;2 11 9 7 5 3 10 0 12 1 8 4 6 2
15;99;269;0;0;3 5 7 9 11 2 6 4 8 1 12 0 10 3
sredni czas [us];blad bezwzgledny;blad bezwzgledny x2;blad wzgledny [%];;
99;0;0;0;;
;;;;;
;;;;;
plik:;g/gr14s.txt;;;;
wynik optymalny:;282;;;;
liczba wierzcholkow:;14;;;;
iteracja;czas [us];wynik;blad bezwzgledny;blad wzgledny;sciezka
1;110;282;0;0;9 7 5 3 10 0 12 1 8 4 6 2 11 13 9
2;77;282;0;0;8 4 6 2 11 13 9 7 5 3 10 0 12 1 8
3;74;290;8;2.83688;3 5 7 9 11 13 2 6 4 8 1 12 0 10 3
4;38;308;26;9.21986;7 9 11 13 5 3 10 0 12 1 8 4 6 2 7
5;92;282;0;0;12 1 8 4 6 2 11 13 9 7 5 3 10 0 12
6;101;282;0;0;5 3 10 0 12 1 8 4 6 2 11 13 9 7 5
7;74;290;8;2.83688;10 3 5 7 9 11 13 2 6 4 8 1 12 0 10
8;139;282;0;0;11 13 9 7 5 3 10 0 12 1 8 4 6 2 11
9;203;282;0;0;13 11 2 6 4 8 1 12 0 10 3 5 7 9 13
10;138;282;0;0;6 2 11 13 9 7 5 3 10 0 12 1 8 4 6
11;107;290;8;2.83688;4 8 1 12 0 10 3 5 7 9 11 13 2 6 4
12;72;282;0;0;2 11 13 9 7 5 3 10 0 12 1 8 4 6 2
13;74;282;0;0;12 1 8 4 6 2 11 13 9 7 5 3 10 0 12
14;74;282;0;0;12 1 8 4 6 2 11 13 9 7 5 3 10 0 12
15;68;290;8;2.83688;3 5 7 9 11 13 2 6 4 8 1 12 0 10 3
sredni czas [us];blad bezwzgledny;blad bezwzgledny x2;blad wzgledny [%];;
96;3.86667;7.73333;2.74232;;
;;;;;
;;;;;
plik:;g/gr15s.txt;;;;
wynik optymalny:;291;;;;
liczba wierzcholkow:;15;;;;
iteracja;czas [us];wynik;blad bezwzgledny;blad wzgledny;sciezka
1;124;291;0;0;2 11 13 9 7 5 3 10 0 12 1 14 8 4 6 2
2;43;299;8;2.74914;8 14 1 12 0 10 3 5 7 9 11 13 2 6 4 8
3;40;291;0;0;0 12 1 14 8 4 6 2 11 13 9 7 5 3 10 0
4;197;291;0;0;6 2 11 13 9 7 5 3 10 0 12 1 14 8 4 6
5;199;291;0;0;11 13 9 7 5 3 10 0 12 1 14 8 4 6 2 11
6;37;317;26;8.93471;7 9 11 13 5 3 10 0 12 1 14 8 4 6 2 7
7;177;291;0;0;6 2 11 13 9 7 5 3 10 0 12 1 14 8 4 6
8;36;291;0;0;0 12 1 14 8 4 6 2 11 13 9 7 5 3 10 0
9;70;291;0;0;14 8 4 6 2 11 13 9 7 5 3 10 0 12 1 14
10;170;291;0;0;11 13 9 7 5 3 10 0 12 1 14 8 4 6 2 11
11;46;299;8;2.74914;8 14 1 12 0 10 3 5 7 9 11 13 2 6 4 8
12;43;317;26;8.93471;7 9 11 13 5 3 10 0 12 1 14 8 4 6 2 7
13;36;317;26;8.93471;7 9 11 13 5 3 10 0 12 1 14 8 4 6 2 7
14;70;299;8;2.74914;3 5 7 9 11 13 2 6 4 8 14 1 12 0 10 3
15;260;291;0;0;13 11 2 6 4 8 14 1 12 0 10 3 5 7 9 13
sredni czas [us];blad bezwzgledny;blad bezwzgledny x2;blad wzgledny [%];;
103;6.8;13.6;4.67354;;
;;;;;
;;;;;
plik:;g/gr16s.txt;;;;
wynik optymalny:;268;;;;
liczba wierzcholkow:;16;;;;
iteracja;czas [us];wynik;blad bezwzgledny;blad wzgledny;sciezka
1;63;307;39;14.5522;11 15 10 14 3 9 0 13 12 4 8 7 2 6 5 1 11
2;63;296;28;10.4478;3 9 0 13 14 10 15 11 8 4 12 6 5 1 2 7 3
3;65;294;26;9.70149;8 11 15 10 14 3 9 0 13 12 4 6 5 1 2 7 8
4;68;294;26;9.70149;8 11 15 10 14 3 9 0 13 12 4 6 5 1 2 7 8
5;44;279;11;4.10448;12 4 8 11 15 10 14 3 9 0 13 1 2 7 5 6 12
6;43;279;11;4.10448;6 12 4 8 11 15 10 14 3 9 0 13 1 2 7 5 6
7;38;311;43;16.0448;0 9 3 14 10 15 11 8 4 12 6 5 1 13 2 7 0
8;62;301;33;12.3134;1 9 0 3 14 10 15 11 8 4 12 6 5 13 2 7 1
9;45;279;11;4.10448;12 4 8 11 15 10 14 3 9 0 13 1 2 7 5 6 12
10;89;280;12;4.47761;13 14 10 15 11 8 4 12 6 5 9 0 3 2 7 1 13
11;38;301;33;12.3134;1 9 0 3 14 10 15 11 8 4 12 6 5 13 2 7 1
12;88;280;12;4.47761;14 10 15 11 8 4 12 6 5 9 0 3 2 7 1 13 14
13;38;294;26;9.70149;4 12 6 5 9 0 3 14 10 15 11 8 7 2 1 13 4
14;46;301;33;12.3134;1 9 0 3 14 10 15 11 8 4 12 6 5 13 2 7 1
15;40;301;33;12.3134;1 9 0 3 14 10 15 11 8 4 12 6 5 13 2 7 1
sredni czas [us];blad bezwzgledny;blad bezwzgledny x2;blad wzgledny [%];;
55;25.1333;50.2667;18.7562;;
;;;;;
;;;;;
plik:;g/gr17s.txt;;;;
wynik optymalny:;292;;;;
liczba wierzcholkow:;17;;;;
iteracja;czas [us];wynik;blad bezwzgledny;blad wzgledny;sciezka
1;46;314;22;7.53425;5 6 12 4 8 11 15 10 14 3 9 0 13 1 2 7 16 5
2;90;324;32;10.9589;2 7 11 15 10 14 3 9 0 13 12 4 8 1 6 5 16 2
3;71;331;39;13.3562;1 9 0 3 14 10 15 11 8 4 12 6 5 13 2 7 16 1
4;93;310;18;6.16438;13 14 10 15 11 8 4 12 6 5 9 0 3 2 7 16 1 13
5;46;324;32;10.9589;4 12 6 5 9 0 3 14 10 15 11 8 7 2 16 1 13 4
6;46;324;32;10.9589;16 2 7 11 15 10 14 3 9 0 13 12 4 8 1 6 5 16
7;94;310;18;6.16438;14 10 15 11 8 4 12 6 5 9 0 3 2 7 16 1 13 14
8;40;314;22;7.53425;5 6 12 4 8 11 15 10 14 3 9 0 13 1 2 7 16 5
9;41;324;32;10.9589;2 7 11 15 10 14 3 9 0 13 12 4 8 1 6 5 16 2
10;74;324;32;10.9589;4 12 6 5 9 0 3 14 10 15 11 8 7 2 16 1 13 4
11;48;331;39;13.3562;1 9 0 3 14 10 15 11 8 4 12 6 5 13 2 7 16 1
12;47;324;32;10.9589;16 2 7 11 15 10 14 3 9 0 13 12 4 8 1 6 5 16
13;40;336;44;15.0685;0 9 3 14 10 15 11 8 4 12 6 5 1 13 2 7 16 0
14;39;324;32;10.9589;2 7 11 15 10 14 3 9 0 13 12 4 8 1 6 5 16 2
15;39;316;24;8.21918;7 2 16 9 0 3 14 10 15 11 8 4 12 6 5 1 13 7
sredni czas [us];blad bezwzgledny;blad bezwzgledny x2;blad wzgledny [%];;
56;30;60;20.5479;;
;;;;;
;;;;;
plik:;g/gr18s.txt;;;;
wynik optymalny:;294;;;;
liczba wierzcholkow:;18;;;;
iteracja;czas [us];wynik;blad bezwzgledny;blad wzgledny;sciezka
1;56;369;75;25.5102;9 0 17 10 14 3 11 15 4 12 6 5 1 13 2 7 16 8 9
2;49;334;40;13.6054;7 2 16 9 0 17 10 14 3 11 15 4 12 6 5 1 13 8 7
3;46;369;75;25.5102;9 0 17 10 14 3 11 15 4 12 6 5 1 13 2 7 16 8 9
4;93;314;20;6.80272;11 15 10 17 8 4 12 6 5 9 0 3 14 13 1 2 7 16 11
5;100;307;13;4.42177;16 2 7 11 15 10 17 8 4 12 6 5 9 0 3 14 13 1 16
6;50;319;25;8.5034;15 11 8 17 10 14 3 9 0 13 12 4 6 5 1 2 7 16 15
7;97;321;27;9.18367;10 17 8 11 15 4 12 6 5 9 0 3 14 13 1 2 7 16 10
8;134;316;22;7.48299;14 10 17 8 11 15 4 12 6 5 9 0 3 2 7 16 1 13 14
9;86;314;20;6.80272;11 15 10 17 8 4 12 6 5 9 0 3 14 13 1 2 7 16 11
10;92;307;13;4.42177;2 7 11 15 10 17 8 4 12 6 5 9 0 3 14 13 1 16 2
11;41;342;48;16.3265;0 9 3 14 10 17 8 11 15 4 12 6 5 1 13 2 7 16 0
12;87;314;20;6.80272;11 15 10 17 8 4 12 6 5 9 0 3 14 13 1 2 7 16 11
13;41;342;48;16.3265;0 9 3 14 10 17 8 11 15 4 12 6 5 1 13 2 7 16 0
14;41;310;16;5.44218;5 6 12 4 8 17 10 14 3 9 0 13 1 15 11 7 2 16 5
15;42;369;75;25.5102;9 0 17 10 14 3 11 15 4 12 6 5 1 13 2 7 16 8 9
sredni czas [us];blad bezwzgledny;blad bezwzgledny x2;blad wzgledny [%];;
70;35.8;71.6;24.3537;;
;;;;;
;;;;;
plik:;g/gr19s.txt;;;;
wynik optymalny:;309;;;;
liczba wierzcholkow:;19;;;;
iteracja;czas [us];wynik;blad bezwzgledny;blad wzgledny;sciezka
1;98;331;22;7.11974;11 15 10 17 8 4 12 6 5 9 0 3 14 13 1 2 18 7 16 11
2;49;340;31;10.0324;9 0 17 10 14 3 11 15 4 12 6 5 18 2 7 16 8 1 13 9
3;50;340;31;10.0324;8 17 10 14 3 9 0 13 12 4 15 11 18 2 7 16 6 5 1 8
4;44;326;17;5.50162;6 12 4 8 17 10 14 3 9 0 13 1 15 11 18 2 7 16 5 6
5;112;319;10;3.23625;16 2 18 11 15 10 17 8 4 12 6 5 9 0 3 14 13 1 7 16
6;48;345;36;11.6505;4 12 6 5 9 0 17 10 14 3 11 15 16 2 18 7 8 1 13 4
7;95;319;10;3.23625;16 2 18 11 15 10 17 8 4 12 6 5 9 0 3 14 13 1 7 16
8;46;345;36;11.6505;3 9 0 17 10 14 13 12 4 8 11 15 6 5 18 2 7 16 1 3
9;57;326;17;5.50162;5 6 12 4 8 17 10 14 3 9 0 13 1 15 11 18 2 7 16 5
10;59;320;11;3.55987;12 4 8 17 10 14 3 9 0 13 1 15 11 18 2 7 16 6 5 12
11;47;332;23;7.44337;1 17 10 14 3 9 0 13 12 4 8 11 15 6 5 18 2 7 16 1
12;91;319;10;3.23625;16 2 18 11 15 10 17 8 4 12 6 5 9 0 3 14 13 1 7 16
13;147;322;13;4.20712;14 3 9 0 17 10 15 11 18 2 7 16 8 4 12 6 5 1 13 14
14;96;331;22;7.11974;10 17 0 9 3 14 13 12 4 8 11 15 6 5 18 2 7 16 1 10
15;42;340;31;10.0324;8 17 10 14 3 9 0 13 12 4 15 11 18 2 7 16 6 5 1 8
sredni czas [us];blad bezwzgledny;blad bezwzgledny x2;blad wzgledny [%];;
72;21.3333;42.6667;13.808;;
;;;;;
;;;;;
plik:;g/gr20s.txt;;;;
wynik optymalny:;330;;;;
liczba wierzcholkow:;20;;;;
iteracja;czas [us];wynik;blad bezwzgledny;blad wzgledny;sciezka
1;97;372;42;12.7273;18 2 7 11 15 10 17 8 4 12 6 5 9 0 3 14 13 1 16 19 18
2;95;372;42;12.7273;18 2 7 11 15 10 17 8 4 12 6 5 9 0 3 14 13 1 16 19 18
3;157;357;27;8.18182;14 10 17 0 9 3 11 15 4 12 6 5 18 2 7 16 19 8 1 13 14
4;180;355;25;7.57576;10 17 8 11 15 4 12 6 5 9 0 3 14 13 1 2 18 7 16 19 10
5;81;353;23;6.9697;19 0 9 3 14 10 17 8 11 15 4 12 6 5 18 2 7 16 1 13 19
6;73;370;40;12.1212;8 17 10 14 3 9 0 19 11 15 4 12 6 5 18 2 7 16 1 13 8
7;72;355;25;7.57576;15 11 18 2 7 16 9 0 17 10 14 3 5 6 12 4 8 19 13 1 15
8;103;372;42;12.7273;18 2 7 11 15 10 17 8 4 12 6 5 9 0 3 14 13 1 16 19 18
9;56;366;36;10.9091;9 0 17 10 14 3 11 15 4 12 6 5 18 2 7 16 19 8 1 13 9
10;97;373;43;13.0303;16 2 18 11 15 10 17 8 4 12 6 5 9 0 3 14 13 1 7 19 16
11;102;352;22;6.66667;11 15 10 17 8 4 12 6 5 9 0 3 14 13 1 2 18 7 16 19 11
12;115;367;37;11.2121;1 17 10 14 3 9 0 19 11 15 4 12 6 5 18 2 7 16 8 13 1
13;142;355;25;7.57576;10 17 8 11 15 4 12 6 5 9 0 3 14 13 1 2 18 7 16 19 10
14;51;348;18;5.45455;5 6 12 4 8 17 10 14 3 9 0 19 11 15 16 2 18 7 1 13 5
15;155;357;27;8.18182;14 10 17 0 9 3 11 15 4 12 6 5 18 2 7 16 19 8 1 13 14
sredni czas [us];blad bezwzgledny;blad bezwzgledny x2;blad wzgledny [%];;
105;31.6;63.2;19.1515;;
