BADANIE;00:10:47;;
metoda:;branch and bound;;
konfiguracja:;branches=3         , input_files=g/gr6.txt,g/gr7.txt,g/gr8.txt,g/gr9.txt,g/gr10.txt,g/gr11.txt,g/gr12.txt,g/gr13.txt,g/gr14.txt,g/gr15.txt,g/gr16.txt,g/gr17.txt,g/gr18.txt,g/gr19.txt,g/gr20.txt, iterations=15, max_exec_time_s=1800, search_type=2            , starting_node_bb=-1          # warto, starting_node_nn=-1          # warto, ;;
;;;
plik:;g/gr6.txt;;
wynik optymalny:;132;;
liczba wierzcholkow:;6;;
iteracja;czas [ms];wynik;sciezka
1;2;132;2 3 4 5 0 1 2
2;0;132;0 1 2 3 4 5 0
3;0;132;4 5 0 1 2 3 4
4;0;132;5 0 1 2 3 4 5
5;0;132;1 2 3 4 5 0 1
6;0;132;3 4 5 0 1 2 3
7;0;132;2 3 4 5 0 1 2
8;0;132;2 3 4 5 0 1 2
9;0;132;5 0 1 2 3 4 5
10;0;132;4 5 0 1 2 3 4
11;0;132;4 5 0 1 2 3 4
12;0;132;4 5 0 1 2 3 4
13;0;132;3 4 5 0 1 2 3
14;0;132;0 1 2 3 4 5 0
15;0;132;3 4 5 0 1 2 3
sredni czas [ms];;;
0;;;
;;;
;;;
plik:;g/gr7.txt;;
wynik optymalny:;146;;
liczba wierzcholkow:;7;;
iteracja;czas [ms];wynik;sciezka
1;1;146;5 3 6 1 2 0 4 5
2;0;146;5 3 6 1 2 0 4 5
3;0;146;0 4 5 3 6 1 2 0
4;0;146;3 6 1 2 0 4 5 3
5;0;146;2 0 4 5 3 6 1 2
6;0;146;2 0 4 5 3 6 1 2
7;0;146;6 1 2 0 4 5 3 6
8;0;146;3 6 1 2 0 4 5 3
9;0;146;6 1 2 0 4 5 3 6
10;0;146;2 0 4 5 3 6 1 2
11;0;146;5 3 6 1 2 0 4 5
12;0;146;4 5 3 6 1 2 0 4
13;0;146;5 3 6 1 2 0 4 5
14;0;146;0 4 5 3 6 1 2 0
15;0;146;3 6 1 2 0 4 5 3
sredni czas [ms];;;
0;;;
;;;
;;;
plik:;g/gr8.txt;;
wynik optymalny:;162;;
liczba wierzcholkow:;8;;
iteracja;czas [ms];wynik;sciezka
1;0;162;1 2 7 6 4 5 3 0 1
2;0;162;1 2 7 6 4 5 3 0 1
3;1;162;2 7 6 4 5 3 0 1 2
4;0;162;7 6 4 5 3 0 1 2 7
5;1;162;0 1 2 7 6 4 5 3 0
6;1;162;6 4 5 3 0 1 2 7 6
7;0;162;3 0 1 2 7 6 4 5 3
8;1;162;7 6 4 5 3 0 1 2 7
9;0;162;3 0 1 2 7 6 4 5 3
10;1;162;7 6 4 5 3 0 1 2 7
11;1;162;3 0 1 2 7 6 4 5 3
12;0;162;3 0 1 2 7 6 4 5 3
13;0;162;4 5 3 0 1 2 7 6 4
14;1;162;7 6 4 5 3 0 1 2 7
15;1;162;6 4 5 3 0 1 2 7 6
sredni czas [ms];;;
0;;;
;;;
;;;
plik:;g/gr9.txt;;
wynik optymalny:;193;;
liczba wierzcholkow:;9;;
iteracja;czas [ms];wynik;sciezka
1;8;193;2 7 8 5 6 4 3 0 1 2
2;4;193;6 4 3 0 1 2 7 8 5 6
3;3;193;7 8 5 6 4 3 0 1 2 7
4;6;193;5 6 4 3 0 1 2 7 8 5
5;2;193;8 5 6 4 3 0 1 2 7 8
6;5;193;2 7 8 5 6 4 3 0 1 2
7;4;193;6 4 3 0 1 2 7 8 5 6
8;3;193;6 4 3 0 1 2 7 8 5 6
9;6;193;5 6 4 3 0 1 2 7 8 5
10;4;193;0 1 2 7 8 5 6 4 3 0
11;3;193;7 8 5 6 4 3 0 1 2 7
12;3;193;1 2 7 8 5 6 4 3 0 1
13;5;193;4 3 0 1 2 7 8 5 6 4
14;5;193;4 3 0 1 2 7 8 5 6 4
15;3;193;7 8 5 6 4 3 0 1 2 7
sredni czas [ms];;;
4;;;
;;;
;;;
plik:;g/gr10.txt;;
wynik optymalny:;209;;
liczba wierzcholkow:;10;;
iteracja;czas [ms];wynik;sciezka
1;4;209;0 1 9 4 5 3 6 7 8 2 0
2;7;209;3 6 7 8 2 0 1 9 4 5 3
3;4;209;1 9 4 5 3 6 7 8 2 0 1
4;6;209;5 3 6 7 8 2 0 1 9 4 5
5;6;209;4 5 3 6 7 8 2 0 1 9 4
6;5;209;3 6 7 8 2 0 1 9 4 5 3
7;6;209;4 5 3 6 7 8 2 0 1 9 4
8;4;209;8 2 0 1 9 4 5 3 6 7 8
9;6;209;5 3 6 7 8 2 0 1 9 4 5
10;4;209;0 1 9 4 5 3 6 7 8 2 0
11;6;209;5 3 6 7 8 2 0 1 9 4 5
12;5;209;0 1 9 4 5 3 6 7 8 2 0
13;6;209;4 5 3 6 7 8 2 0 1 9 4
14;4;209;0 1 9 4 5 3 6 7 8 2 0
15;4;209;1 9 4 5 3 6 7 8 2 0 1
sredni czas [ms];;;
5;;;
;;;
;;;
plik:;g/gr11.txt;;
wynik optymalny:;115;;
liczba wierzcholkow:;11;;
iteracja;czas [ms];wynik;sciezka
1;7;115;0 7 1 8 5 10 2 6 9 4 3 0
2;4;115;6 9 4 3 0 7 1 8 5 10 2 6
3;10;115;5 10 2 6 9 4 3 0 7 1 8 5
4;6;115;0 7 1 8 5 10 2 6 9 4 3 0
5;6;115;1 8 5 10 2 6 9 4 3 0 7 1
6;7;115;10 2 6 9 4 3 0 7 1 8 5 10
7;5;115;8 5 10 2 6 9 4 3 0 7 1 8
8;5;115;8 5 10 2 6 9 4 3 0 7 1 8
9;7;115;10 2 6 9 4 3 0 7 1 8 5 10
10;6;115;10 2 6 9 4 3 0 7 1 8 5 10
11;4;115;6 9 4 3 0 7 1 8 5 10 2 6
12;6;115;1 8 5 10 2 6 9 4 3 0 7 1
13;4;115;9 4 3 0 7 1 8 5 10 2 6 9
14;5;115;9 4 3 0 7 1 8 5 10 2 6 9
15;5;115;6 9 4 3 0 7 1 8 5 10 2 6
sredni czas [ms];;;
5;;;
;;;
;;;
plik:;g/gr12.txt;;
wynik optymalny:;244;;
liczba wierzcholkow:;12;;
iteracja;czas [ms];wynik;sciezka
1;7;244;7 11 8 5 10 0 1 2 9 4 3 6 7
2;15;244;2 9 4 3 6 7 11 8 5 10 0 1 2
3;7;244;0 1 2 9 4 3 6 7 11 8 5 10 0
4;9;244;4 3 6 7 11 8 5 10 0 1 2 9 4
5;16;244;2 9 4 3 6 7 11 8 5 10 0 1 2
6;9;244;9 4 3 6 7 11 8 5 10 0 1 2 9
7;6;244;7 11 8 5 10 0 1 2 9 4 3 6 7
8;9;244;11 8 5 10 0 1 2 9 4 3 6 7 11
9;6;244;8 5 10 0 1 2 9 4 3 6 7 11 8
10;12;244;5 10 0 1 2 9 4 3 6 7 11 8 5
11;14;244;10 0 1 2 9 4 3 6 7 11 8 5 10
12;14;244;10 0 1 2 9 4 3 6 7 11 8 5 10
13;10;244;3 6 7 11 8 5 10 0 1 2 9 4 3
14;7;244;0 1 2 9 4 3 6 7 11 8 5 10 0
15;6;244;1 2 9 4 3 6 7 11 8 5 10 0 1
sredni czas [ms];;;
9;;;
;;;
;;;
plik:;g/gr13.txt;;
wynik optymalny:;266;;
liczba wierzcholkow:;13;;
iteracja;czas [ms];wynik;sciezka
1;54;266;8 2 0 1 12 7 11 6 4 3 9 5 10 8
2;69;266;2 0 1 12 7 11 6 4 3 9 5 10 8 2
3;53;266;2 0 1 12 7 11 6 4 3 9 5 10 8 2
4;42;266;12 7 11 6 4 3 9 5 10 8 2 0 1 12
5;30;266;9 5 10 8 2 0 1 12 7 11 6 4 3 9
6;45;266;10 8 2 0 1 12 7 11 6 4 3 9 5 10
7;38;266;3 9 5 10 8 2 0 1 12 7 11 6 4 3
8;44;266;10 8 2 0 1 12 7 11 6 4 3 9 5 10
9;35;266;1 12 7 11 6 4 3 9 5 10 8 2 0 1
10;39;266;1 12 7 11 6 4 3 9 5 10 8 2 0 1
11;40;266;12 7 11 6 4 3 9 5 10 8 2 0 1 12
12;31;266;9 5 10 8 2 0 1 12 7 11 6 4 3 9
13;34;266;7 11 6 4 3 9 5 10 8 2 0 1 12 7
14;35;266;5 10 8 2 0 1 12 7 11 6 4 3 9 5
15;37;266;3 9 5 10 8 2 0 1 12 7 11 6 4 3
sredni czas [ms];;;
41;;;
;;;
;;;
plik:;g/gr14.txt;;
wynik optymalny:;279;;
liczba wierzcholkow:;14;;
iteracja;czas [ms];wynik;sciezka
1;33;279;3 0 1 2 9 5 10 8 13 11 12 7 6 4 3
2;32;279;8 13 11 12 7 6 4 3 0 1 2 9 5 10 8
3;42;279;2 9 5 10 8 13 11 12 7 6 4 3 0 1 2
4;28;279;9 5 10 8 13 11 12 7 6 4 3 0 1 2 9
5;41;279;12 7 6 4 3 0 1 2 9 5 10 8 13 11 12
6;41;279;10 8 13 11 12 7 6 4 3 0 1 2 9 5 10
7;41;279;12 7 6 4 3 0 1 2 9 5 10 8 13 11 12
8;34;279;3 0 1 2 9 5 10 8 13 11 12 7 6 4 3
9;31;279;8 13 11 12 7 6 4 3 0 1 2 9 5 10 8
10;44;279;2 9 5 10 8 13 11 12 7 6 4 3 0 1 2
11;33;279;1 2 9 5 10 8 13 11 12 7 6 4 3 0 1
12;41;279;12 7 6 4 3 0 1 2 9 5 10 8 13 11 12
13;33;279;1 2 9 5 10 8 13 11 12 7 6 4 3 0 1
14;29;279;9 5 10 8 13 11 12 7 6 4 3 0 1 2 9
15;36;279;6 4 3 0 1 2 9 5 10 8 13 11 12 7 6
sredni czas [ms];;;
35;;;
;;;
;;;
plik:;g/gr15.txt;;
wynik optymalny:;303;;
liczba wierzcholkow:;15;;
iteracja;czas [ms];wynik;sciezka
1;85;303;8 13 11 12 6 4 3 9 5 10 0 1 2 14 7 8
2;70;303;0 1 2 14 7 8 13 11 12 6 4 3 9 5 10 0
3;91;303;5 10 0 1 2 14 7 8 13 11 12 6 4 3 9 5
4;97;303;10 0 1 2 14 7 8 13 11 12 6 4 3 9 5 10
5;70;303;9 5 10 0 1 2 14 7 8 13 11 12 6 4 3 9
6;66;303;0 1 2 14 7 8 13 11 12 6 4 3 9 5 10 0
7;72;303;4 3 9 5 10 0 1 2 14 7 8 13 11 12 6 4
8;96;303;10 0 1 2 14 7 8 13 11 12 6 4 3 9 5 10
9;75;303;11 12 6 4 3 9 5 10 0 1 2 14 7 8 13 11
10;72;303;3 9 5 10 0 1 2 14 7 8 13 11 12 6 4 3
11;84;303;8 13 11 12 6 4 3 9 5 10 0 1 2 14 7 8
12;85;303;8 13 11 12 6 4 3 9 5 10 0 1 2 14 7 8
13;72;303;4 3 9 5 10 0 1 2 14 7 8 13 11 12 6 4
14;101;303;7 8 13 11 12 6 4 3 9 5 10 0 1 2 14 7
15;101;303;7 8 13 11 12 6 4 3 9 5 10 0 1 2 14 7
sredni czas [ms];;;
82;;;
;;;
;;;
plik:;g/gr16.txt;;
wynik optymalny:;328;;
liczba wierzcholkow:;16;;
iteracja;czas [ms];wynik;sciezka
1;171;328;6 4 3 9 5 10 0 1 2 14 7 8 13 11 15 12 6
2;155;328;14 7 8 13 11 15 12 6 4 3 9 5 10 0 1 2 14
3;172;328;8 13 11 15 12 6 4 3 9 5 10 0 1 2 14 7 8
4;170;328;7 8 13 11 15 12 6 4 3 9 5 10 0 1 2 14 7
5;184;328;12 6 4 3 9 5 10 0 1 2 14 7 8 13 11 15 12
6;117;328;0 1 2 14 7 8 13 11 15 12 6 4 3 9 5 10 0
7;154;328;1 2 14 7 8 13 11 15 12 6 4 3 9 5 10 0 1
8;152;328;14 7 8 13 11 15 12 6 4 3 9 5 10 0 1 2 14
9;169;328;6 4 3 9 5 10 0 1 2 14 7 8 13 11 15 12 6
10;147;328;4 3 9 5 10 0 1 2 14 7 8 13 11 15 12 6 4
11;180;328;12 6 4 3 9 5 10 0 1 2 14 7 8 13 11 15 12
12;171;328;8 13 11 15 12 6 4 3 9 5 10 0 1 2 14 7 8
13;149;328;11 15 12 6 4 3 9 5 10 0 1 2 14 7 8 13 11
14;198;328;10 0 1 2 14 7 8 13 11 15 12 6 4 3 9 5 10
15;170;328;8 13 11 15 12 6 4 3 9 5 10 0 1 2 14 7 8
sredni czas [ms];;;
163;;;
;;;
;;;
plik:;g/gr17.txt;;
wynik optymalny:;344;;
liczba wierzcholkow:;17;;
iteracja;czas [ms];wynik;sciezka
1;210;344;11 15 12 6 4 3 0 1 2 14 7 16 9 5 10 8 13 11
2;224;344;5 10 8 13 11 15 12 6 4 3 0 1 2 14 7 16 9 5
3;225;344;5 10 8 13 11 15 12 6 4 3 0 1 2 14 7 16 9 5
4;175;344;2 14 7 16 9 5 10 8 13 11 15 12 6 4 3 0 1 2
5;260;344;12 6 4 3 0 1 2 14 7 16 9 5 10 8 13 11 15 12
6;239;344;16 9 5 10 8 13 11 15 12 6 4 3 0 1 2 14 7 16
7;259;344;8 13 11 15 12 6 4 3 0 1 2 14 7 16 9 5 10 8
8;310;344;7 16 9 5 10 8 13 11 15 12 6 4 3 0 1 2 14 7
9;217;344;1 2 14 7 16 9 5 10 8 13 11 15 12 6 4 3 0 1
10;208;344;11 15 12 6 4 3 0 1 2 14 7 16 9 5 10 8 13 11
11;263;344;8 13 11 15 12 6 4 3 0 1 2 14 7 16 9 5 10 8
12;215;344;11 15 12 6 4 3 0 1 2 14 7 16 9 5 10 8 13 11
13;271;344;9 5 10 8 13 11 15 12 6 4 3 0 1 2 14 7 16 9
14;245;344;6 4 3 0 1 2 14 7 16 9 5 10 8 13 11 15 12 6
15;272;344;9 5 10 8 13 11 15 12 6 4 3 0 1 2 14 7 16 9
sredni czas [ms];;;
239;;;
;;;
;;;
plik:;g/gr18.txt;;
wynik optymalny:;141;;
liczba wierzcholkow:;18;;
iteracja;czas [ms];wynik;sciezka
1;117;141;10 6 14 13 3 15 2 5 8 4 1 11 17 12 16 0 7 9 10
2;121;141;10 6 14 13 3 15 2 5 8 4 1 11 17 12 16 0 7 9 10
3;120;141;10 6 14 13 3 15 2 5 8 4 1 11 17 12 16 0 7 9 10
4;117;141;13 3 15 2 5 8 4 1 11 17 12 16 0 7 9 10 6 14 13
5;124;141;0 7 9 10 6 14 13 3 15 2 5 8 4 1 11 17 12 16 0
6;157;141;8 4 1 11 17 12 16 0 7 9 10 6 14 13 3 15 2 5 8
7;119;141;3 15 2 5 8 4 1 11 17 12 16 0 7 9 10 6 14 13 3
8;154;141;15 2 5 8 4 1 11 17 12 16 0 7 9 10 6 14 13 3 15
9;129;141;14 13 3 15 2 5 8 4 1 11 17 12 16 0 7 9 10 6 14
10;139;141;4 1 11 17 12 16 0 7 9 10 6 14 13 3 15 2 5 8 4
11;142;141;1 11 17 12 16 0 7 9 10 6 14 13 3 15 2 5 8 4 1
12;143;141;1 11 17 12 16 0 7 9 10 6 14 13 3 15 2 5 8 4 1
13;161;141;5 8 4 1 11 17 12 16 0 7 9 10 6 14 13 3 15 2 5
14;123;141;0 7 9 10 6 14 13 3 15 2 5 8 4 1 11 17 12 16 0
15;147;141;15 2 5 8 4 1 11 17 12 16 0 7 9 10 6 14 13 3 15
sredni czas [ms];;;
134;;;
;;;
;;;
plik:;g/gr19.txt;;
wynik optymalny:;147;;
liczba wierzcholkow:;19;;
iteracja;czas [ms];wynik;sciezka
1;254;147;1 11 17 12 16 0 7 9 10 6 14 4 2 5 8 18 13 3 15 1
2;229;147;10 6 14 4 2 5 8 18 13 3 15 1 11 17 12 16 0 7 9 10
3;218;147;0 7 9 10 6 14 4 2 5 8 18 13 3 15 1 11 17 12 16 0
4;226;147;3 15 1 11 17 12 16 0 7 9 10 6 14 4 2 5 8 18 13 3
5;250;147;14 4 2 5 8 18 13 3 15 1 11 17 12 16 0 7 9 10 6 14
6;258;147;18 13 3 15 1 11 17 12 16 0 7 9 10 6 14 4 2 5 8 18
7;287;147;5 8 18 13 3 15 1 11 17 12 16 0 7 9 10 6 14 4 2 5
8;281;147;15 1 11 17 12 16 0 7 9 10 6 14 4 2 5 8 18 13 3 15
9;225;147;2 5 8 18 13 3 15 1 11 17 12 16 0 7 9 10 6 14 4 2
10;213;147;13 3 15 1 11 17 12 16 0 7 9 10 6 14 4 2 5 8 18 13
11;70;147;17 12 16 0 7 9 10 6 14 4 2 5 8 18 13 3 15 1 11 17
12;285;147;8 18 13 3 15 1 11 17 12 16 0 7 9 10 6 14 4 2 5 8
13;219;147;11 17 12 16 0 7 9 10 6 14 4 2 5 8 18 13 3 15 1 11
14;283;147;8 18 13 3 15 1 11 17 12 16 0 7 9 10 6 14 4 2 5 8
15;230;147;7 9 10 6 14 4 2 5 8 18 13 3 15 1 11 17 12 16 0 7
sredni czas [ms];;;
235;;;
;;;
;;;
plik:;g/gr20.txt;;
wynik optymalny:;148;;
liczba wierzcholkow:;20;;
iteracja;czas [ms];wynik;sciezka
1;287;148;11 18 17 12 16 0 7 9 10 6 2 5 8 14 4 19 13 3 15 1 11
2;156;148;12 16 0 7 9 10 6 2 5 8 14 4 19 13 3 15 1 11 18 17 12
3;350;148;5 8 14 4 19 13 3 15 1 11 18 17 12 16 0 7 9 10 6 2 5
4;314;148;6 2 5 8 14 4 19 13 3 15 1 11 18 17 12 16 0 7 9 10 6
5;348;148;5 8 14 4 19 13 3 15 1 11 18 17 12 16 0 7 9 10 6 2 5
6;306;148;6 2 5 8 14 4 19 13 3 15 1 11 18 17 12 16 0 7 9 10 6
7;356;148;5 8 14 4 19 13 3 15 1 11 18 17 12 16 0 7 9 10 6 2 5
8;354;148;8 14 4 19 13 3 15 1 11 18 17 12 16 0 7 9 10 6 2 5 8
9;290;148;18 17 12 16 0 7 9 10 6 2 5 8 14 4 19 13 3 15 1 11 18
10;257;148;2 5 8 14 4 19 13 3 15 1 11 18 17 12 16 0 7 9 10 6 2
11;86;148;17 12 16 0 7 9 10 6 2 5 8 14 4 19 13 3 15 1 11 18 17
12;220;148;13 3 15 1 11 18 17 12 16 0 7 9 10 6 2 5 8 14 4 19 13
13;289;148;18 17 12 16 0 7 9 10 6 2 5 8 14 4 19 13 3 15 1 11 18
14;312;148;1 11 18 17 12 16 0 7 9 10 6 2 5 8 14 4 19 13 3 15 1
15;223;148;16 0 7 9 10 6 2 5 8 14 4 19 13 3 15 1 11 18 17 12 16
sredni czas [ms];;;
276;;;
;;;
;;;
BADANIE;00:11:58;;
metoda:;branch and bound;;
konfiguracja:;branches=3         , input_files=g/gr6.txt,g/gr7.txt,g/gr8.txt,g/gr9.txt,g/gr10.txt,g/gr11.txt,g/gr12.txt,g/gr13.txt,g/gr14.txt,g/gr15.txt,g/gr16.txt,g/gr17.txt,g/gr18.txt,g/gr19.txt,g/gr20.txt, iterations=15, max_exec_time_s=1800, search_type=0            , starting_node_bb=-1          # warto, starting_node_nn=-1          # warto, ;;
;;;
plik:;g/gr6.txt;;
wynik optymalny:;132;;
liczba wierzcholkow:;6;;
iteracja;czas [ms];wynik;sciezka
1;1;132;2 3 4 5 0 1 2
2;4;132;4 5 0 1 2 3 4
3;0;132;3 4 5 0 1 2 3
4;0;132;4 5 0 1 2 3 4
5;0;132;2 3 4 5 0 1 2
6;0;132;4 5 0 1 2 3 4
7;0;132;2 3 4 5 0 1 2
8;0;132;3 4 5 0 1 2 3
9;0;132;1 2 3 4 5 0 1
10;0;132;1 2 3 4 5 0 1
11;0;132;4 5 0 1 2 3 4
12;0;132;1 2 3 4 5 0 1
13;0;132;3 4 5 0 1 2 3
14;0;132;0 1 2 3 4 5 0
15;0;132;2 3 4 5 0 1 2
sredni czas [ms];;;
0;;;
;;;
;;;
plik:;g/gr7.txt;;
wynik optymalny:;146;;
liczba wierzcholkow:;7;;
iteracja;czas [ms];wynik;sciezka
1;2;146;0 4 5 3 6 1 2 0
2;1;146;1 2 0 4 5 3 6 1
3;1;146;4 5 3 6 1 2 0 4
4;0;146;5 3 6 1 2 0 4 5
5;0;146;5 3 6 1 2 0 4 5
6;1;146;0 4 5 3 6 1 2 0
7;0;146;5 3 6 1 2 0 4 5
8;0;146;5 3 6 1 2 0 4 5
9;0;146;5 3 6 1 2 0 4 5
10;1;146;1 2 0 4 5 3 6 1
11;1;146;0 4 5 3 6 1 2 0
12;0;146;3 6 1 2 0 4 5 3
13;0;146;5 3 6 1 2 0 4 5
14;0;146;2 0 4 5 3 6 1 2
15;0;146;3 6 1 2 0 4 5 3
sredni czas [ms];;;
0;;;
;;;
;;;
plik:;g/gr8.txt;;
wynik optymalny:;162;;
liczba wierzcholkow:;8;;
iteracja;czas [ms];wynik;sciezka
1;3;162;1 2 7 6 4 5 3 0 1
2;1;162;0 1 2 7 6 4 5 3 0
3;1;162;7 6 4 5 3 0 1 2 7
4;1;162;0 1 2 7 6 4 5 3 0
5;1;162;4 5 3 0 1 2 7 6 4
6;1;162;7 6 4 5 3 0 1 2 7
7;0;162;2 7 6 4 5 3 0 1 2
8;1;162;1 2 7 6 4 5 3 0 1
9;0;162;5 3 0 1 2 7 6 4 5
10;1;162;1 2 7 6 4 5 3 0 1
11;1;162;0 1 2 7 6 4 5 3 0
12;1;162;1 2 7 6 4 5 3 0 1
13;1;162;1 2 7 6 4 5 3 0 1
14;1;162;6 4 5 3 0 1 2 7 6
15;1;162;4 5 3 0 1 2 7 6 4
sredni czas [ms];;;
1;;;
;;;
;;;
plik:;g/gr9.txt;;
wynik optymalny:;193;;
liczba wierzcholkow:;9;;
iteracja;czas [ms];wynik;sciezka
1;3;193;4 3 0 1 2 7 8 5 6 4
2;3;193;6 4 3 0 1 2 7 8 5 6
3;2;193;7 8 5 6 4 3 0 1 2 7
4;2;193;3 0 1 2 7 8 5 6 4 3
5;3;193;1 2 7 8 5 6 4 3 0 1
6;3;193;5 6 4 3 0 1 2 7 8 5
7;3;193;6 4 3 0 1 2 7 8 5 6
8;3;193;0 1 2 7 8 5 6 4 3 0
9;3;193;6 4 3 0 1 2 7 8 5 6
10;2;193;3 0 1 2 7 8 5 6 4 3
11;3;193;6 4 3 0 1 2 7 8 5 6
12;3;193;4 3 0 1 2 7 8 5 6 4
13;2;193;3 0 1 2 7 8 5 6 4 3
14;3;193;8 5 6 4 3 0 1 2 7 8
15;2;193;3 0 1 2 7 8 5 6 4 3
sredni czas [ms];;;
2;;;
;;;
;;;
plik:;g/gr10.txt;;
wynik optymalny:;209;;
liczba wierzcholkow:;10;;
iteracja;czas [ms];wynik;sciezka
1;8;209;5 3 6 7 8 2 0 1 9 4 5
2;8;209;5 3 6 7 8 2 0 1 9 4 5
3;7;209;8 2 0 1 9 4 5 3 6 7 8
4;6;209;7 8 2 0 1 9 4 5 3 6 7
5;4;209;1 9 4 5 3 6 7 8 2 0 1
6;5;209;3 6 7 8 2 0 1 9 4 5 3
7;7;209;8 2 0 1 9 4 5 3 6 7 8
8;6;209;9 4 5 3 6 7 8 2 0 1 9
9;3;209;1 9 4 5 3 6 7 8 2 0 1
10;6;209;9 4 5 3 6 7 8 2 0 1 9
11;7;209;0 1 9 4 5 3 6 7 8 2 0
12;5;209;3 6 7 8 2 0 1 9 4 5 3
13;6;209;6 7 8 2 0 1 9 4 5 3 6
14;4;209;1 9 4 5 3 6 7 8 2 0 1
15;4;209;2 0 1 9 4 5 3 6 7 8 2
sredni czas [ms];;;
5;;;
;;;
;;;
plik:;g/gr11.txt;;
wynik optymalny:;115;;
liczba wierzcholkow:;11;;
iteracja;czas [ms];wynik;sciezka
1;9;115;1 8 5 10 2 6 9 4 3 0 7 1
2;9;115;10 2 6 9 4 3 0 7 1 8 5 10
3;6;115;2 6 9 4 3 0 7 1 8 5 10 2
4;6;115;6 9 4 3 0 7 1 8 5 10 2 6
5;9;115;4 3 0 7 1 8 5 10 2 6 9 4
6;9;115;4 3 0 7 1 8 5 10 2 6 9 4
7;8;115;8 5 10 2 6 9 4 3 0 7 1 8
8;6;115;2 6 9 4 3 0 7 1 8 5 10 2
9;8;115;8 5 10 2 6 9 4 3 0 7 1 8
10;9;115;4 3 0 7 1 8 5 10 2 6 9 4
11;6;115;2 6 9 4 3 0 7 1 8 5 10 2
12;11;115;9 4 3 0 7 1 8 5 10 2 6 9
13;10;115;9 4 3 0 7 1 8 5 10 2 6 9
14;13;115;3 0 7 1 8 5 10 2 6 9 4 3
15;14;115;7 1 8 5 10 2 6 9 4 3 0 7
sredni czas [ms];;;
8;;;
;;;
;;;
plik:;g/gr12.txt;;
wynik optymalny:;244;;
liczba wierzcholkow:;12;;
iteracja;czas [ms];wynik;sciezka
1;22;244;2 9 4 3 6 7 11 8 5 10 0 1 2
2;22;244;2 9 4 3 6 7 11 8 5 10 0 1 2
3;22;244;3 6 7 11 8 5 10 0 1 2 9 4 3
4;14;244;8 5 10 0 1 2 9 4 3 6 7 11 8
5;11;244;7 11 8 5 10 0 1 2 9 4 3 6 7
6;21;244;11 8 5 10 0 1 2 9 4 3 6 7 11
7;21;244;10 0 1 2 9 4 3 6 7 11 8 5 10
8;25;244;2 9 4 3 6 7 11 8 5 10 0 1 2
9;22;244;0 1 2 9 4 3 6 7 11 8 5 10 0
10;15;244;6 7 11 8 5 10 0 1 2 9 4 3 6
11;13;244;8 5 10 0 1 2 9 4 3 6 7 11 8
12;11;244;9 4 3 6 7 11 8 5 10 0 1 2 9
13;21;244;11 8 5 10 0 1 2 9 4 3 6 7 11
14;22;244;0 1 2 9 4 3 6 7 11 8 5 10 0
15;15;244;6 7 11 8 5 10 0 1 2 9 4 3 6
sredni czas [ms];;;
18;;;
;;;
;;;
plik:;g/gr13.txt;;
wynik optymalny:;266;;
liczba wierzcholkow:;13;;
iteracja;czas [ms];wynik;sciezka
1;49;266;4 3 9 5 10 8 2 0 1 12 7 11 6 4
2;23;266;1 12 7 11 6 4 3 9 5 10 8 2 0 1
3;23;266;1 12 7 11 6 4 3 9 5 10 8 2 0 1
4;36;266;6 4 3 9 5 10 8 2 0 1 12 7 11 6
5;33;266;11 6 4 3 9 5 10 8 2 0 1 12 7 11
6;35;266;12 7 11 6 4 3 9 5 10 8 2 0 1 12
7;47;266;10 8 2 0 1 12 7 11 6 4 3 9 5 10
8;35;266;11 6 4 3 9 5 10 8 2 0 1 12 7 11
9;36;266;0 1 12 7 11 6 4 3 9 5 10 8 2 0
10;35;266;6 4 3 9 5 10 8 2 0 1 12 7 11 6
11;35;266;0 1 12 7 11 6 4 3 9 5 10 8 2 0
12;35;266;12 7 11 6 4 3 9 5 10 8 2 0 1 12
13;49;266;2 0 1 12 7 11 6 4 3 9 5 10 8 2
14;36;266;12 7 11 6 4 3 9 5 10 8 2 0 1 12
15;36;266;0 1 12 7 11 6 4 3 9 5 10 8 2 0
sredni czas [ms];;;
36;;;
;;;
;;;
plik:;g/gr14.txt;;
wynik optymalny:;279;;
liczba wierzcholkow:;14;;
iteracja;czas [ms];wynik;sciezka
1;53;279;12 7 6 4 3 0 1 2 9 5 10 8 13 11 12
2;52;279;13 11 12 7 6 4 3 0 1 2 9 5 10 8 13
3;61;279;7 6 4 3 0 1 2 9 5 10 8 13 11 12 7
4;42;279;6 4 3 0 1 2 9 5 10 8 13 11 12 7 6
5;61;279;11 12 7 6 4 3 0 1 2 9 5 10 8 13 11
6;45;279;1 2 9 5 10 8 13 11 12 7 6 4 3 0 1
7;55;279;5 10 8 13 11 12 7 6 4 3 0 1 2 9 5
8;53;279;12 7 6 4 3 0 1 2 9 5 10 8 13 11 12
9;45;279;3 0 1 2 9 5 10 8 13 11 12 7 6 4 3
10;55;279;0 1 2 9 5 10 8 13 11 12 7 6 4 3 0
11;60;279;11 12 7 6 4 3 0 1 2 9 5 10 8 13 11
12;60;279;11 12 7 6 4 3 0 1 2 9 5 10 8 13 11
13;49;279;13 11 12 7 6 4 3 0 1 2 9 5 10 8 13
14;45;279;3 0 1 2 9 5 10 8 13 11 12 7 6 4 3
15;40;279;6 4 3 0 1 2 9 5 10 8 13 11 12 7 6
sredni czas [ms];;;
51;;;
;;;
;;;
plik:;g/gr15.txt;;
wynik optymalny:;303;;
liczba wierzcholkow:;15;;
iteracja;czas [ms];wynik;sciezka
1;100;303;3 9 5 10 0 1 2 14 7 8 13 11 12 6 4 3
2;62;303;1 2 14 7 8 13 11 12 6 4 3 9 5 10 0 1
3;102;303;14 7 8 13 11 12 6 4 3 9 5 10 0 1 2 14
4;71;303;2 14 7 8 13 11 12 6 4 3 9 5 10 0 1 2
5;98;303;3 9 5 10 0 1 2 14 7 8 13 11 12 6 4 3
6;77;303;11 12 6 4 3 9 5 10 0 1 2 14 7 8 13 11
7;77;303;11 12 6 4 3 9 5 10 0 1 2 14 7 8 13 11
8;65;303;6 4 3 9 5 10 0 1 2 14 7 8 13 11 12 6
9;96;303;3 9 5 10 0 1 2 14 7 8 13 11 12 6 4 3
10;109;303;10 0 1 2 14 7 8 13 11 12 6 4 3 9 5 10
11;100;303;3 9 5 10 0 1 2 14 7 8 13 11 12 6 4 3
12;74;303;0 1 2 14 7 8 13 11 12 6 4 3 9 5 10 0
13;71;303;0 1 2 14 7 8 13 11 12 6 4 3 9 5 10 0
14;82;303;13 11 12 6 4 3 9 5 10 0 1 2 14 7 8 13
15;70;303;0 1 2 14 7 8 13 11 12 6 4 3 9 5 10 0
sredni czas [ms];;;
83;;;
;;;
;;;
plik:;g/gr16.txt;;
wynik optymalny:;328;;
liczba wierzcholkow:;16;;
iteracja;czas [ms];wynik;sciezka
1;133;328;15 12 6 4 3 9 5 10 0 1 2 14 7 8 13 11 15
2;139;328;4 3 9 5 10 0 1 2 14 7 8 13 11 15 12 6 4
3;79;328;12 6 4 3 9 5 10 0 1 2 14 7 8 13 11 15 12
4;213;328;10 0 1 2 14 7 8 13 11 15 12 6 4 3 9 5 10
5;254;328;5 10 0 1 2 14 7 8 13 11 15 12 6 4 3 9 5
6;115;328;13 11 15 12 6 4 3 9 5 10 0 1 2 14 7 8 13
7;171;328;3 9 5 10 0 1 2 14 7 8 13 11 15 12 6 4 3
8;88;328;8 13 11 15 12 6 4 3 9 5 10 0 1 2 14 7 8
9;157;328;7 8 13 11 15 12 6 4 3 9 5 10 0 1 2 14 7
10;147;328;0 1 2 14 7 8 13 11 15 12 6 4 3 9 5 10 0
11;256;328;5 10 0 1 2 14 7 8 13 11 15 12 6 4 3 9 5
12;215;328;10 0 1 2 14 7 8 13 11 15 12 6 4 3 9 5 10
13;165;328;14 7 8 13 11 15 12 6 4 3 9 5 10 0 1 2 14
14;117;328;6 4 3 9 5 10 0 1 2 14 7 8 13 11 15 12 6
15;135;328;4 3 9 5 10 0 1 2 14 7 8 13 11 15 12 6 4
sredni czas [ms];;;
158;;;
;;;
;;;
plik:;g/gr17.txt;;
wynik optymalny:;344;;
liczba wierzcholkow:;17;;
iteracja;czas [ms];wynik;sciezka
1;214;344;10 8 13 11 15 12 6 4 3 0 1 2 14 7 16 9 5 10
2;162;344;6 4 3 0 1 2 14 7 16 9 5 10 8 13 11 15 12 6
3;210;344;10 8 13 11 15 12 6 4 3 0 1 2 14 7 16 9 5 10
4;202;344;14 7 16 9 5 10 8 13 11 15 12 6 4 3 0 1 2 14
5;174;344;1 2 14 7 16 9 5 10 8 13 11 15 12 6 4 3 0 1
6;240;344;13 11 15 12 6 4 3 0 1 2 14 7 16 9 5 10 8 13
7;331;344;3 0 1 2 14 7 16 9 5 10 8 13 11 15 12 6 4 3
8;307;344;15 12 6 4 3 0 1 2 14 7 16 9 5 10 8 13 11 15
9;171;344;8 13 11 15 12 6 4 3 0 1 2 14 7 16 9 5 10 8
10;327;344;3 0 1 2 14 7 16 9 5 10 8 13 11 15 12 6 4 3
11;211;344;10 8 13 11 15 12 6 4 3 0 1 2 14 7 16 9 5 10
12;305;344;5 10 8 13 11 15 12 6 4 3 0 1 2 14 7 16 9 5
13;222;344;11 15 12 6 4 3 0 1 2 14 7 16 9 5 10 8 13 11
14;331;344;16 9 5 10 8 13 11 15 12 6 4 3 0 1 2 14 7 16
15;213;344;2 14 7 16 9 5 10 8 13 11 15 12 6 4 3 0 1 2
sredni czas [ms];;;
241;;;
;;;
;;;
plik:;g/gr18.txt;;
wynik optymalny:;141;;
liczba wierzcholkow:;18;;
iteracja;czas [ms];wynik;sciezka
1;461;141;1 11 17 12 16 0 7 9 10 6 14 13 3 15 2 5 8 4 1
2;221;141;11 17 12 16 0 7 9 10 6 14 13 3 15 2 5 8 4 1 11
3;338;141;17 12 16 0 7 9 10 6 14 13 3 15 2 5 8 4 1 11 17
4;230;141;15 2 5 8 4 1 11 17 12 16 0 7 9 10 6 14 13 3 15
5;432;141;12 16 0 7 9 10 6 14 13 3 15 2 5 8 4 1 11 17 12
6;294;141;4 1 11 17 12 16 0 7 9 10 6 14 13 3 15 2 5 8 4
7;433;141;12 16 0 7 9 10 6 14 13 3 15 2 5 8 4 1 11 17 12
8;226;141;11 17 12 16 0 7 9 10 6 14 13 3 15 2 5 8 4 1 11
9;320;141;0 7 9 10 6 14 13 3 15 2 5 8 4 1 11 17 12 16 0
10;215;141;2 5 8 4 1 11 17 12 16 0 7 9 10 6 14 13 3 15 2
11;223;141;15 2 5 8 4 1 11 17 12 16 0 7 9 10 6 14 13 3 15
12;322;141;0 7 9 10 6 14 13 3 15 2 5 8 4 1 11 17 12 16 0
13;399;141;5 8 4 1 11 17 12 16 0 7 9 10 6 14 13 3 15 2 5
14;226;141;15 2 5 8 4 1 11 17 12 16 0 7 9 10 6 14 13 3 15
15;424;141;16 0 7 9 10 6 14 13 3 15 2 5 8 4 1 11 17 12 16
sredni czas [ms];;;
317;;;
;;;
;;;
plik:;g/gr19.txt;;
wynik optymalny:;147;;
liczba wierzcholkow:;19;;
iteracja;czas [ms];wynik;sciezka
1;371;147;10 6 14 4 2 5 8 18 13 3 15 1 11 17 12 16 0 7 9 10
2;385;147;8 18 13 3 15 1 11 17 12 16 0 7 9 10 6 14 4 2 5 8
3;276;147;2 5 8 18 13 3 15 1 11 17 12 16 0 7 9 10 6 14 4 2
4;441;147;7 9 10 6 14 4 2 5 8 18 13 3 15 1 11 17 12 16 0 7
5;467;147;16 0 7 9 10 6 14 4 2 5 8 18 13 3 15 1 11 17 12 16
6;282;147;2 5 8 18 13 3 15 1 11 17 12 16 0 7 9 10 6 14 4 2
7;384;147;5 8 18 13 3 15 1 11 17 12 16 0 7 9 10 6 14 4 2 5
8;501;147;14 4 2 5 8 18 13 3 15 1 11 17 12 16 0 7 9 10 6 14
9;263;147;11 17 12 16 0 7 9 10 6 14 4 2 5 8 18 13 3 15 1 11
10;435;147;1 11 17 12 16 0 7 9 10 6 14 4 2 5 8 18 13 3 15 1
11;265;147;11 17 12 16 0 7 9 10 6 14 4 2 5 8 18 13 3 15 1 11
12;384;147;8 18 13 3 15 1 11 17 12 16 0 7 9 10 6 14 4 2 5 8
13;478;147;17 12 16 0 7 9 10 6 14 4 2 5 8 18 13 3 15 1 11 17
14;366;147;18 13 3 15 1 11 17 12 16 0 7 9 10 6 14 4 2 5 8 18
15;297;147;0 7 9 10 6 14 4 2 5 8 18 13 3 15 1 11 17 12 16 0
sredni czas [ms];;;
373;;;
;;;
;;;
plik:;g/gr20.txt;;
wynik optymalny:;148;;
liczba wierzcholkow:;20;;
iteracja;czas [ms];wynik;sciezka
1;384;148;2 5 8 14 4 19 13 3 15 1 11 18 17 12 16 0 7 9 10 6 2
2;534;148;14 4 19 13 3 15 1 11 18 17 12 16 0 7 9 10 6 2 5 8 14
3;612;148;9 10 6 2 5 8 14 4 19 13 3 15 1 11 18 17 12 16 0 7 9
4;523;148;8 14 4 19 13 3 15 1 11 18 17 12 16 0 7 9 10 6 2 5 8
5;560;148;10 6 2 5 8 14 4 19 13 3 15 1 11 18 17 12 16 0 7 9 10
6;513;148;5 8 14 4 19 13 3 15 1 11 18 17 12 16 0 7 9 10 6 2 5
7;568;148;10 6 2 5 8 14 4 19 13 3 15 1 11 18 17 12 16 0 7 9 10
8;511;148;8 14 4 19 13 3 15 1 11 18 17 12 16 0 7 9 10 6 2 5 8
9;428;148;15 1 11 18 17 12 16 0 7 9 10 6 2 5 8 14 4 19 13 3 15
10;516;148;1 11 18 17 12 16 0 7 9 10 6 2 5 8 14 4 19 13 3 15 1
11;657;148;6 2 5 8 14 4 19 13 3 15 1 11 18 17 12 16 0 7 9 10 6
12;431;148;15 1 11 18 17 12 16 0 7 9 10 6 2 5 8 14 4 19 13 3 15
13;833;148;13 3 15 1 11 18 17 12 16 0 7 9 10 6 2 5 8 14 4 19 13
14;523;148;1 11 18 17 12 16 0 7 9 10 6 2 5 8 14 4 19 13 3 15 1
15;419;148;18 17 12 16 0 7 9 10 6 2 5 8 14 4 19 13 3 15 1 11 18
sredni czas [ms];;;
534;;;
;;;
;;;
BADANIE;00:13:21;;
metoda:;branch and bound;;
konfiguracja:;branches=3         , input_files=g/gr6.txt,g/gr7.txt,g/gr8.txt,g/gr9.txt,g/gr10.txt,g/gr11.txt,g/gr12.txt,g/gr13.txt,g/gr14.txt,g/gr15.txt,g/gr16.txt,g/gr17.txt,g/gr18.txt,g/gr19.txt,g/gr20.txt, iterations=15, max_exec_time_s=1800, search_type=1            , starting_node_bb=-1          # warto, starting_node_nn=-1          # warto, ;;
;;;
plik:;g/gr6.txt;;
wynik optymalny:;132;;
liczba wierzcholkow:;6;;
iteracja;czas [ms];wynik;sciezka
1;6;132;5 0 1 2 3 4 5
2;4;132;0 1 2 3 4 5 0
3;2;132;0 1 2 3 4 5 0
4;2;132;2 3 4 5 0 1 2
5;2;132;5 0 1 2 3 4 5
6;2;132;3 4 5 0 1 2 3
7;2;132;5 0 1 2 3 4 5
8;2;132;2 3 4 5 0 1 2
9;3;132;1 2 3 4 5 0 1
10;2;132;1 2 3 4 5 0 1
11;3;132;0 1 2 3 4 5 0
12;2;132;0 1 2 3 4 5 0
13;2;132;5 0 1 2 3 4 5
14;2;132;0 1 2 3 4 5 0
15;3;132;0 1 2 3 4 5 0
sredni czas [ms];;;
2;;;
;;;
;;;
plik:;g/gr7.txt;;
wynik optymalny:;146;;
liczba wierzcholkow:;7;;
iteracja;czas [ms];wynik;sciezka
1;17;146;0 4 5 3 6 1 2 0
2;16;146;6 1 2 0 4 5 3 6
3;17;146;2 0 4 5 3 6 1 2
4;16;146;5 3 6 1 2 0 4 5
5;16;146;0 4 5 3 6 1 2 0
6;16;146;0 4 5 3 6 1 2 0
7;18;146;5 3 6 1 2 0 4 5
8;16;146;2 0 4 5 3 6 1 2
9;15;146;5 3 6 1 2 0 4 5
10;15;146;5 3 6 1 2 0 4 5
11;16;146;1 2 0 4 5 3 6 1
12;14;146;2 0 4 5 3 6 1 2
13;15;146;2 0 4 5 3 6 1 2
14;15;146;0 4 5 3 6 1 2 0
15;15;146;2 0 4 5 3 6 1 2
sredni czas [ms];;;
15;;;
;;;
;;;
plik:;g/gr8.txt;;
wynik optymalny:;162;;
liczba wierzcholkow:;8;;
iteracja;czas [ms];wynik;sciezka
1;113;162;6 4 5 3 0 1 2 7 6
2;113;162;0 1 2 7 6 4 5 3 0
3;116;162;0 1 2 7 6 4 5 3 0
4;113;162;4 5 3 0 1 2 7 6 4
5;123;162;4 5 3 0 1 2 7 6 4
6;116;162;6 4 5 3 0 1 2 7 6
7;115;162;4 5 3 0 1 2 7 6 4
8;119;162;6 4 5 3 0 1 2 7 6
9;114;162;7 6 4 5 3 0 1 2 7
10;115;162;2 7 6 4 5 3 0 1 2
11;113;162;5 3 0 1 2 7 6 4 5
12;113;162;7 6 4 5 3 0 1 2 7
13;113;162;3 0 1 2 7 6 4 5 3
14;115;162;2 7 6 4 5 3 0 1 2
15;114;162;1 2 7 6 4 5 3 0 1
sredni czas [ms];;;
115;;;
;;;
;;;
plik:;g/gr9.txt;;
wynik optymalny:;193;;
liczba wierzcholkow:;9;;
iteracja;czas [ms];wynik;sciezka
1;1026;193;5 6 4 3 0 1 2 7 8 5
2;1026;193;7 8 5 6 4 3 0 1 2 7
3;1034;193;3 0 1 2 7 8 5 6 4 3
4;1020;193;1 2 7 8 5 6 4 3 0 1
5;1014;193;6 4 3 0 1 2 7 8 5 6
6;1012;193;7 8 5 6 4 3 0 1 2 7
7;1016;193;7 8 5 6 4 3 0 1 2 7
8;1017;193;5 6 4 3 0 1 2 7 8 5
9;1028;193;0 1 2 7 8 5 6 4 3 0
10;1036;193;6 4 3 0 1 2 7 8 5 6
11;1025;193;7 8 5 6 4 3 0 1 2 7
12;1023;193;5 6 4 3 0 1 2 7 8 5
13;1017;193;4 3 0 1 2 7 8 5 6 4
14;1021;193;1 2 7 8 5 6 4 3 0 1
15;1018;193;5 6 4 3 0 1 2 7 8 5
sredni czas [ms];;;
1022;;;
;;;
;;;
plik:;g/gr10.txt;;
wynik optymalny:;209;;
liczba wierzcholkow:;10;;
iteracja;czas [ms];wynik;sciezka
1;10124;209;6 7 8 2 0 1 9 4 5 3 6
2;10148;209;7 8 2 0 1 9 4 5 3 6 7
3;10142;209;4 5 3 6 7 8 2 0 1 9 4
4;10180;209;9 4 5 3 6 7 8 2 0 1 9
5;10186;209;5 3 6 7 8 2 0 1 9 4 5
6;10144;209;9 4 5 3 6 7 8 2 0 1 9
7;10140;209;2 0 1 9 4 5 3 6 7 8 2
8;10135;209;1 9 4 5 3 6 7 8 2 0 1
9;10155;209;7 8 2 0 1 9 4 5 3 6 7
10;10142;209;2 0 1 9 4 5 3 6 7 8 2
11;10172;209;2 0 1 9 4 5 3 6 7 8 2
12;10121;209;7 8 2 0 1 9 4 5 3 6 7
13;10143;209;4 5 3 6 7 8 2 0 1 9 4
14;10114;209;9 4 5 3 6 7 8 2 0 1 9
15;10097;209;9 4 5 3 6 7 8 2 0 1 9
sredni czas [ms];;;
10142;;;
;;;
;;;
BADANIE;00:20:30;;
metoda:;branch and bound;;
konfiguracja:;branches=3         , input_files=g/gr11.txt,g/gr12.txt,g/gr13.txt,g/gr14.txt,g/gr15.txt,g/gr16.txt,g/gr17.txt,g/gr18.txt,g/gr19.txt,g/gr20.txt, iterations=1, max_exec_time_s=1800, search_type=1            , starting_node_bb=-1          # warto, starting_node_nn=-1          # warto, ;;
;;;
plik:;g/gr11.txt;;
wynik optymalny:;115;;
liczba wierzcholkow:;11;;
iteracja;czas [ms];wynik;sciezka
1;113406;115;3 0 7 1 8 5 10 2 6 9 4 3
sredni czas [ms];;;
113406;;;
;;;
;;;
;;;
;;;
;;;
;;;
;;;


BADANIE;01:09:31
metoda:;branch and bound
konfiguracja:;branches=3         , input_files=g/gr6s.txt,g/gr7s.txt,g/gr8s.txt,g/gr9s.txt,g/gr10s.txt,g/gr11s.txt,g/gr12s.txt,g/gr13s.txt,g/gr14s.txt,g/gr15s.txt,g/gr16s.txt,g/gr17s.txt,g/gr18s.txt,g/gr19s.txt,g/gr20s.txt, iterations=15, max_exec_time_s=1800, search_type=2            , starting_node_bb=-1          # warto, starting_node_nn=-1          # warto, 

plik:;g/gr6s.txt
wynik optymalny:;158
liczba wierzcholkow:;6
iteracja;czas [ms];wynik;sciezka
1;2;158;3 0 5 1 4 2 3
2;1;158;0 3 2 4 1 5 0
3;1;158;5 0 3 2 4 1 5
4;1;158;3 0 5 1 4 2 3
5;1;158;3 0 5 1 4 2 3
6;0;158;5 0 3 2 4 1 5
7;0;158;0 3 2 4 1 5 0
8;1;158;5 0 3 2 4 1 5
9;0;158;4 2 3 0 5 1 4
10;0;158;3 0 5 1 4 2 3
11;0;158;0 3 2 4 1 5 0
12;0;158;3 0 5 1 4 2 3
13;1;158;1 5 0 3 2 4 1
14;0;158;3 0 5 1 4 2 3
15;0;158;3 0 5 1 4 2 3
sredni czas [ms]
0


plik:;g/gr7s.txt
wynik optymalny:;215
liczba wierzcholkow:;7
iteracja;czas [ms];wynik;sciezka
1;1;215;1 5 0 3 2 4 6 1
2;1;215;1 5 0 3 2 4 6 1
3;1;215;0 5 1 6 4 2 3 0
4;1;215;5 0 3 2 4 6 1 5
5;1;215;2 3 0 5 1 6 4 2
6;1;215;4 2 3 0 5 1 6 4
7;2;215;3 0 5 1 6 4 2 3
8;1;215;4 2 3 0 5 1 6 4
9;2;215;3 0 5 1 6 4 2 3
10;1;215;2 3 0 5 1 6 4 2
11;1;215;2 3 0 5 1 6 4 2
12;1;215;4 2 3 0 5 1 6 4
13;2;215;5 0 3 2 4 6 1 5
14;1;215;6 1 5 0 3 2 4 6
15;1;215;0 5 1 6 4 2 3 0
sredni czas [ms]
1


plik:;g/gr8s.txt
wynik optymalny:;202
liczba wierzcholkow:;8
iteracja;czas [ms];wynik;sciezka
1;2;202;6 7 5 0 3 2 4 1 6
2;6;202;1 6 7 5 0 3 2 4 1
3;3;202;0 5 7 6 1 4 2 3 0
4;4;202;2 4 1 6 7 5 0 3 2
5;6;202;3 0 5 7 6 1 4 2 3
6;4;202;5 0 3 2 4 1 6 7 5
7;4;202;5 0 3 2 4 1 6 7 5
8;7;202;1 6 7 5 0 3 2 4 1
9;4;202;4 2 3 0 5 7 6 1 4
10;4;202;2 4 1 6 7 5 0 3 2
11;6;202;5 0 3 2 4 1 6 7 5
12;13;202;2 4 1 6 7 5 0 3 2
13;6;202;6 7 5 0 3 2 4 1 6
14;4;202;3 0 5 7 6 1 4 2 3
15;5;202;3 0 5 7 6 1 4 2 3
sredni czas [ms]
5


plik:;g/gr9s.txt
wynik optymalny:;215
liczba wierzcholkow:;9
iteracja;czas [ms];wynik;sciezka
1;8;215;1 6 7 8 2 4 3 0 5 1
2;9;215;5 1 6 7 8 2 4 3 0 5
3;5;215;3 0 5 1 6 7 8 2 4 3
4;7;215;8 7 6 1 5 0 3 4 2 8
5;5;215;7 6 1 5 0 3 4 2 8 7
6;7;215;2 4 3 0 5 1 6 7 8 2
7;8;215;2 4 3 0 5 1 6 7 8 2
8;8;215;8 7 6 1 5 0 3 4 2 8
9;5;215;6 1 5 0 3 4 2 8 7 6
10;5;215;7 6 1 5 0 3 4 2 8 7
11;7;215;2 4 3 0 5 1 6 7 8 2
12;8;215;1 6 7 8 2 4 3 0 5 1
13;5;215;0 5 1 6 7 8 2 4 3 0
14;8;215;3 0 5 1 6 7 8 2 4 3
15;6;215;7 6 1 5 0 3 4 2 8 7
sredni czas [ms]
6


plik:;g/gr10s.txt
wynik optymalny:;212
liczba wierzcholkow:;10
iteracja;czas [ms];wynik;sciezka
1;10;212;0 5 1 9 6 7 8 2 4 3 0
2;13;212;9 1 5 0 3 4 2 8 7 6 9
3;13;212;1 9 6 7 8 2 4 3 0 5 1
4;15;212;5 1 9 6 7 8 2 4 3 0 5
5;14;212;4 2 8 7 6 9 1 5 0 3 4
6;10;212;7 8 2 4 3 0 5 1 9 6 7
7;15;212;4 2 8 7 6 9 1 5 0 3 4
8;12;212;8 7 6 9 1 5 0 3 4 2 8
9;9;212;0 5 1 9 6 7 8 2 4 3 0
10;11;212;7 8 2 4 3 0 5 1 9 6 7
11;10;212;0 5 1 9 6 7 8 2 4 3 0
12;14;212;2 8 7 6 9 1 5 0 3 4 2
13;11;212;6 7 8 2 4 3 0 5 1 9 6
14;28;212;2 8 7 6 9 1 5 0 3 4 2
15;15;212;4 2 8 7 6 9 1 5 0 3 4
sredni czas [ms]
13


plik:;g/gr11s.txt
wynik optymalny:;251
liczba wierzcholkow:;11
iteracja;czas [ms];wynik;sciezka
1;9;251;4 8 1 0 10 3 5 7 9 2 6 4
2;7;251;2 6 4 8 1 0 10 3 5 7 9 2
3;6;251;5 3 10 0 1 8 4 6 2 9 7 5
4;10;251;7 9 2 6 4 8 1 0 10 3 5 7
5;7;251;2 6 4 8 1 0 10 3 5 7 9 2
6;6;251;10 0 1 8 4 6 2 9 7 5 3 10
7;10;251;9 7 5 3 10 0 1 8 4 6 2 9
8;10;251;1 8 4 6 2 9 7 5 3 10 0 1
9;9;251;4 8 1 0 10 3 5 7 9 2 6 4
10;11;251;8 4 6 2 9 7 5 3 10 0 1 8
11;11;251;8 4 6 2 9 7 5 3 10 0 1 8
12;10;251;1 8 4 6 2 9 7 5 3 10 0 1
13;9;251;4 8 1 0 10 3 5 7 9 2 6 4
14;7;251;2 6 4 8 1 0 10 3 5 7 9 2
15;6;251;5 3 10 0 1 8 4 6 2 9 7 5
sredni czas [ms]
8


plik:;g/gr12s.txt
wynik optymalny:;264
liczba wierzcholkow:;12
iteracja;czas [ms];wynik;sciezka
1;8;264;0 1 8 4 6 2 11 9 7 5 3 10 0
2;8;264;2 6 4 8 1 0 10 3 5 7 9 11 2
3;16;264;9 11 2 6 4 8 1 0 10 3 5 7 9
4;11;264;4 6 2 11 9 7 5 3 10 0 1 8 4
5;11;264;8 4 6 2 11 9 7 5 3 10 0 1 8
6;10;264;1 8 4 6 2 11 9 7 5 3 10 0 1
7;9;264;11 2 6 4 8 1 0 10 3 5 7 9 11
8;16;264;9 11 2 6 4 8 1 0 10 3 5 7 9
9;8;264;11 2 6 4 8 1 0 10 3 5 7 9 11
10;15;264;9 11 2 6 4 8 1 0 10 3 5 7 9
11;16;264;9 11 2 6 4 8 1 0 10 3 5 7 9
12;7;264;3 5 7 9 11 2 6 4 8 1 0 10 3
13;9;264;1 8 4 6 2 11 9 7 5 3 10 0 1
14;11;264;6 4 8 1 0 10 3 5 7 9 11 2 6
15;6;264;3 5 7 9 11 2 6 4 8 1 0 10 3
sredni czas [ms]
10


plik:;g/gr13s.txt
wynik optymalny:;269
liczba wierzcholkow:;13
iteracja;czas [ms];wynik;sciezka
1;17;269;2 6 4 8 1 12 0 10 3 5 7 9 11 2
2;12;269;0 10 3 5 7 9 11 2 6 4 8 1 12 0
3;24;269;4 8 1 12 0 10 3 5 7 9 11 2 6 4
4;10;269;5 7 9 11 2 6 4 8 1 12 0 10 3 5
5;19;269;11 2 6 4 8 1 12 0 10 3 5 7 9 11
6;24;269;8 1 12 0 10 3 5 7 9 11 2 6 4 8
7;9;269;5 7 9 11 2 6 4 8 1 12 0 10 3 5
8;18;269;4 8 1 12 0 10 3 5 7 9 11 2 6 4
9;20;269;11 2 6 4 8 1 12 0 10 3 5 7 9 11
10;28;269;6 2 11 9 7 5 3 10 0 12 1 8 4 6
11;19;269;4 8 1 12 0 10 3 5 7 9 11 2 6 4
12;20;269;7 9 11 2 6 4 8 1 12 0 10 3 5 7
13;15;269;1 12 0 10 3 5 7 9 11 2 6 4 8 1
14;21;269;11 2 6 4 8 1 12 0 10 3 5 7 9 11
15;10;269;5 7 9 11 2 6 4 8 1 12 0 10 3 5
sredni czas [ms]
17


plik:;g/gr14s.txt
wynik optymalny:;282
liczba wierzcholkow:;14
iteracja;czas [ms];wynik;sciezka
1;44;282;3 10 0 12 1 8 4 6 2 11 13 9 7 5 3
2;58;282;9 7 5 3 10 0 12 1 8 4 6 2 11 13 9
3;58;282;9 7 5 3 10 0 12 1 8 4 6 2 11 13 9
4;67;282;2 6 4 8 1 12 0 10 3 5 7 9 13 11 2
5;58;282;7 5 3 10 0 12 1 8 4 6 2 11 13 9 7
6;77;282;8 1 12 0 10 3 5 7 9 13 11 2 6 4 8
7;65;282;12 1 8 4 6 2 11 13 9 7 5 3 10 0 12
8;68;282;0 12 1 8 4 6 2 11 13 9 7 5 3 10 0
9;38;282;13 11 2 6 4 8 1 12 0 10 3 5 7 9 13
10;62;282;10 0 12 1 8 4 6 2 11 13 9 7 5 3 10
11;72;282;1 8 4 6 2 11 13 9 7 5 3 10 0 12 1
12;66;282;12 1 8 4 6 2 11 13 9 7 5 3 10 0 12
13;57;282;9 7 5 3 10 0 12 1 8 4 6 2 11 13 9
14;70;282;2 6 4 8 1 12 0 10 3 5 7 9 13 11 2
15;65;282;0 12 1 8 4 6 2 11 13 9 7 5 3 10 0
sredni czas [ms]
61


plik:;g/gr15s.txt
wynik optymalny:;291
liczba wierzcholkow:;15
iteracja;czas [ms];wynik;sciezka
1;166;291;1 12 0 10 3 5 7 9 13 11 2 6 4 8 14 1
2;123;291;5 7 9 13 11 2 6 4 8 14 1 12 0 10 3 5
3;160;291;8 14 1 12 0 10 3 5 7 9 13 11 2 6 4 8
4;145;291;9 13 11 2 6 4 8 14 1 12 0 10 3 5 7 9
5;100;291;13 11 2 6 4 8 14 1 12 0 10 3 5 7 9 13
6;164;291;8 14 1 12 0 10 3 5 7 9 13 11 2 6 4 8
7;149;291;10 0 12 1 14 8 4 6 2 11 13 9 7 5 3 10
8;100;291;13 11 2 6 4 8 14 1 12 0 10 3 5 7 9 13
9;150;291;9 13 11 2 6 4 8 14 1 12 0 10 3 5 7 9
10;161;291;8 14 1 12 0 10 3 5 7 9 13 11 2 6 4 8
11;126;291;5 7 9 13 11 2 6 4 8 14 1 12 0 10 3 5
12;101;291;11 2 6 4 8 14 1 12 0 10 3 5 7 9 13 11
13;101;291;13 11 2 6 4 8 14 1 12 0 10 3 5 7 9 13
14;178;291;4 8 14 1 12 0 10 3 5 7 9 13 11 2 6 4
15;127;291;5 7 9 13 11 2 6 4 8 14 1 12 0 10 3 5
sredni czas [ms]
136


plik:;g/gr16s.txt
wynik optymalny:;268
liczba wierzcholkow:;16
iteracja;czas [ms];wynik;sciezka
1;2294;268;8 4 12 5 6 2 7 11 15 10 1 13 14 3 9 0 8
2;1966;268;5 12 4 8 0 9 3 14 13 1 10 15 11 7 2 6 5
3;2677;268;1 13 14 3 9 0 8 4 12 5 6 2 7 11 15 10 1
4;2660;268;1 13 14 3 9 0 8 4 12 5 6 2 7 11 15 10 1
5;2456;268;9 0 8 4 12 5 6 2 7 11 15 10 1 13 14 3 9
6;1984;268;11 15 10 1 13 14 3 9 0 8 4 12 5 6 2 7 11
7;1951;268;5 12 4 8 0 9 3 14 13 1 10 15 11 7 2 6 5
8;1996;268;11 15 10 1 13 14 3 9 0 8 4 12 5 6 2 7 11
9;1694;268;6 2 7 11 15 10 1 13 14 3 9 0 8 4 12 5 6
10;2675;268;1 13 14 3 9 0 8 4 12 5 6 2 7 11 15 10 1
11;1965;268;5 12 4 8 0 9 3 14 13 1 10 15 11 7 2 6 5
12;2662;268;1 13 14 3 9 0 8 4 12 5 6 2 7 11 15 10 1
13;2865;268;13 14 3 9 0 8 4 12 5 6 2 7 11 15 10 1 13
14;1975;268;11 15 10 1 13 14 3 9 0 8 4 12 5 6 2 7 11
15;1459;268;2 6 5 12 4 8 0 9 3 14 13 1 10 15 11 7 2
sredni czas [ms]
2218


plik:;g/gr17s.txt
wynik optymalny:;292
liczba wierzcholkow:;17
iteracja;czas [ms];wynik;sciezka
1;7585;292;8 11 15 10 1 13 14 3 0 9 16 7 2 6 5 12 4 8
2;6790;292;12 5 6 2 7 16 9 0 3 14 13 1 10 15 11 8 4 12
3;6163;292;6 5 12 4 8 11 15 10 1 13 14 3 0 9 16 7 2 6
4;8895;292;7 2 6 5 12 4 8 11 15 10 1 13 14 3 0 9 16 7
5;6141;292;6 5 12 4 8 11 15 10 1 13 14 3 0 9 16 7 2 6
6;3949;292;2 7 16 9 0 3 14 13 1 10 15 11 8 4 12 5 6 2
7;9078;292;0 9 16 7 2 6 5 12 4 8 11 15 10 1 13 14 3 0
8;7747;292;15 10 1 13 14 3 0 9 16 7 2 6 5 12 4 8 11 15
9;9648;292;1 13 14 3 0 9 16 7 2 6 5 12 4 8 11 15 10 1
10;9078;292;0 9 16 7 2 6 5 12 4 8 11 15 10 1 13 14 3 0
11;7748;292;15 10 1 13 14 3 0 9 16 7 2 6 5 12 4 8 11 15
12;6841;292;12 5 6 2 7 16 9 0 3 14 13 1 10 15 11 8 4 12
13;3951;292;2 7 16 9 0 3 14 13 1 10 15 11 8 4 12 5 6 2
14;3945;292;2 7 16 9 0 3 14 13 1 10 15 11 8 4 12 5 6 2
15;7510;292;8 11 15 10 1 13 14 3 0 9 16 7 2 6 5 12 4 8
sredni czas [ms]
7004


plik:;g/gr18s.txt
wynik optymalny:;294
liczba wierzcholkow:;18
iteracja;czas [ms];wynik;sciezka
1;23216;294;6 5 12 4 8 17 10 1 13 14 3 0 9 16 2 7 11 15 6
2;16848;294;2 16 9 0 3 14 13 1 10 17 8 4 12 5 6 15 11 7 2
3;24008;294;5 12 4 8 17 10 1 13 14 3 0 9 16 2 7 11 15 6 5
4;23260;294;6 5 12 4 8 17 10 1 13 14 3 0 9 16 2 7 11 15 6
5;16812;294;2 16 9 0 3 14 13 1 10 17 8 4 12 5 6 15 11 7 2
6;33356;294;17 8 4 12 5 6 15 11 7 2 16 9 0 3 14 13 1 10 17
7;34042;294;17 8 4 12 5 6 15 11 7 2 16 9 0 3 14 13 1 10 17
8;23605;294;12 5 6 15 11 7 2 16 9 0 3 14 13 1 10 17 8 4 12
9;30778;294;13 1 10 17 8 4 12 5 6 15 11 7 2 16 9 0 3 14 13
10;33305;294;3 0 9 16 2 7 11 15 6 5 12 4 8 17 10 1 13 14 3
11;30677;294;9 16 2 7 11 15 6 5 12 4 8 17 10 1 13 14 3 0 9
12;24548;294;11 7 2 16 9 0 3 14 13 1 10 17 8 4 12 5 6 15 11
13;22156;294;12 5 6 15 11 7 2 16 9 0 3 14 13 1 10 17 8 4 12
14;32986;294;3 0 9 16 2 7 11 15 6 5 12 4 8 17 10 1 13 14 3
15;30641;294;13 1 10 17 8 4 12 5 6 15 11 7 2 16 9 0 3 14 13
sredni czas [ms]
26682


BADANIE;01:19:42
metoda:;branch and bound
konfiguracja:;branches=3         , input_files=g/gr19s.txt,g/gr20s.txt, iterations=1, max_exec_time_s=1800, search_type=2            , starting_node_bb=-1          # warto, starting_node_nn=-1          # warto, 

plik:;g/gr19s.txt
wynik optymalny:;309
liczba wierzcholkow:;19
iteracja;czas [ms];wynik;sciezka
1;56684;309;14 13 1 10 15 11 7 16 2 18 5 6 12 4 8 17 0 9 3 14
sredni czas [ms]
56684


plik:;g/gr20s.txt
wynik optymalny:;330
liczba wierzcholkow:;20
iteracja;czas [ms];wynik;sciezka
1;137773;330;0 19 11 15 16 7 2 18 5 6 12 4 8 17 10 1 13 14 3 9 0
sredni czas [ms]
137773


BADANIE;01:24:44
metoda:;branch and bound
konfiguracja:;branches=3         , input_files=g/gr6s.txt,g/gr7s.txt,g/gr8s.txt,g/gr9s.txt,g/gr10s.txt,g/gr11s.txt,g/gr12s.txt,g/gr13s.txt,g/gr14s.txt,g/gr15s.txt,g/gr16s.txt,g/gr17s.txt,g/gr18s.txt,g/gr19s.txt,g/gr20s.txt, iterations=15, max_exec_time_s=1800, search_type=0            , starting_node_bb=-1          # warto, starting_node_nn=-1          # warto, 

plik:;g/gr6s.txt
wynik optymalny:;158
liczba wierzcholkow:;6
iteracja;czas [ms];wynik;sciezka
1;3;158;1 5 0 3 2 4 1
2;0;158;5 1 4 2 3 0 5
3;0;158;5 1 4 2 3 0 5
4;0;158;1 5 0 3 2 4 1
5;0;158;4 2 3 0 5 1 4
6;0;158;3 2 4 1 5 0 3
7;0;158;4 2 3 0 5 1 4
8;0;158;5 1 4 2 3 0 5
9;0;158;1 5 0 3 2 4 1
10;0;158;1 5 0 3 2 4 1
11;0;158;1 5 0 3 2 4 1
12;0;158;3 2 4 1 5 0 3
13;0;158;2 4 1 5 0 3 2
14;0;158;3 2 4 1 5 0 3
15;0;158;3 2 4 1 5 0 3
sredni czas [ms]
0


plik:;g/gr7s.txt
wynik optymalny:;215
liczba wierzcholkow:;7
iteracja;czas [ms];wynik;sciezka
1;0;215;5 1 6 4 2 3 0 5
2;1;215;3 2 4 6 1 5 0 3
3;1;215;4 6 1 5 0 3 2 4
4;0;215;5 1 6 4 2 3 0 5
5;0;215;6 4 2 3 0 5 1 6
6;1;215;2 4 6 1 5 0 3 2
7;0;215;1 6 4 2 3 0 5 1
8;1;215;3 2 4 6 1 5 0 3
9;0;215;1 6 4 2 3 0 5 1
10;0;215;4 6 1 5 0 3 2 4
11;1;215;2 4 6 1 5 0 3 2
12;0;215;6 4 2 3 0 5 1 6
13;0;215;1 6 4 2 3 0 5 1
14;0;215;1 6 4 2 3 0 5 1
15;1;215;0 5 1 6 4 2 3 0
sredni czas [ms]
0


plik:;g/gr8s.txt
wynik optymalny:;202
liczba wierzcholkow:;8
iteracja;czas [ms];wynik;sciezka
1;1;202;5 7 6 1 4 2 3 0 5
2;2;202;4 2 3 0 5 7 6 1 4
3;1;202;4 2 3 0 5 7 6 1 4
4;2;202;3 2 4 1 6 7 5 0 3
5;2;202;2 4 1 6 7 5 0 3 2
6;2;202;4 2 3 0 5 7 6 1 4
7;1;202;5 7 6 1 4 2 3 0 5
8;2;202;0 5 7 6 1 4 2 3 0
9;2;202;3 2 4 1 6 7 5 0 3
10;1;202;2 4 1 6 7 5 0 3 2
11;1;202;7 6 1 4 2 3 0 5 7
12;2;202;2 4 1 6 7 5 0 3 2
13;1;202;7 6 1 4 2 3 0 5 7
14;1;202;0 5 7 6 1 4 2 3 0
15;1;202;3 2 4 1 6 7 5 0 3
sredni czas [ms]
1


plik:;g/gr9s.txt
wynik optymalny:;215
liczba wierzcholkow:;9
iteracja;czas [ms];wynik;sciezka
1;3;215;5 1 6 7 8 2 4 3 0 5
2;3;215;0 5 1 6 7 8 2 4 3 0
3;3;215;5 1 6 7 8 2 4 3 0 5
4;3;215;1 6 7 8 2 4 3 0 5 1
5;2;215;8 7 6 1 5 0 3 4 2 8
6;2;215;4 3 0 5 1 6 7 8 2 4
7;2;215;6 7 8 2 4 3 0 5 1 6
8;3;215;0 5 1 6 7 8 2 4 3 0
9;4;215;1 6 7 8 2 4 3 0 5 1
10;2;215;6 7 8 2 4 3 0 5 1 6
11;2;215;4 3 0 5 1 6 7 8 2 4
12;4;215;3 4 2 8 7 6 1 5 0 3
13;2;215;4 3 0 5 1 6 7 8 2 4
14;2;215;6 7 8 2 4 3 0 5 1 6
15;2;215;8 7 6 1 5 0 3 4 2 8
sredni czas [ms]
2


plik:;g/gr10s.txt
wynik optymalny:;212
liczba wierzcholkow:;10
iteracja;czas [ms];wynik;sciezka
1;6;212;6 9 1 5 0 3 4 2 8 7 6
2;11;212;3 4 2 8 7 6 9 1 5 0 3
3;6;212;6 9 1 5 0 3 4 2 8 7 6
4;11;212;5 1 9 6 7 8 2 4 3 0 5
5;6;212;2 8 7 6 9 1 5 0 3 4 2
6;8;212;7 8 2 4 3 0 5 1 9 6 7
7;7;212;9 6 7 8 2 4 3 0 5 1 9
8;11;212;3 4 2 8 7 6 9 1 5 0 3
9;6;212;1 9 6 7 8 2 4 3 0 5 1
10;10;212;5 1 9 6 7 8 2 4 3 0 5
11;7;212;9 6 7 8 2 4 3 0 5 1 9
12;9;212;7 8 2 4 3 0 5 1 9 6 7
13;8;212;8 7 6 9 1 5 0 3 4 2 8
14;8;212;8 7 6 9 1 5 0 3 4 2 8
15;11;212;3 4 2 8 7 6 9 1 5 0 3
sredni czas [ms]
8


plik:;g/gr11s.txt
wynik optymalny:;251
liczba wierzcholkow:;11
iteracja;czas [ms];wynik;sciezka
1;9;251;5 7 9 2 6 4 8 1 0 10 3 5
2;33;251;4 8 1 0 10 3 5 7 9 2 6 4
3;10;251;3 10 0 1 8 4 6 2 9 7 5 3
4;11;251;5 7 9 2 6 4 8 1 0 10 3 5
5;11;251;3 10 0 1 8 4 6 2 9 7 5 3
6;23;251;10 3 5 7 9 2 6 4 8 1 0 10
7;16;251;1 8 4 6 2 9 7 5 3 10 0 1
8;23;251;10 3 5 7 9 2 6 4 8 1 0 10
9;10;251;3 10 0 1 8 4 6 2 9 7 5 3
10;13;251;0 10 3 5 7 9 2 6 4 8 1 0
11;32;251;4 8 1 0 10 3 5 7 9 2 6 4
12;11;251;3 10 0 1 8 4 6 2 9 7 5 3
13;24;251;6 4 8 1 0 10 3 5 7 9 2 6
14;17;251;2 9 7 5 3 10 0 1 8 4 6 2
15;13;251;7 9 2 6 4 8 1 0 10 3 5 7
sredni czas [ms]
17


plik:;g/gr12s.txt
wynik optymalny:;264
liczba wierzcholkow:;12
iteracja;czas [ms];wynik;sciezka
1;25;264;9 11 2 6 4 8 1 0 10 3 5 7 9
2;29;264;3 10 0 1 8 4 6 2 11 9 7 5 3
3;29;264;3 10 0 1 8 4 6 2 11 9 7 5 3
4;18;264;5 7 9 11 2 6 4 8 1 0 10 3 5
5;30;264;1 8 4 6 2 11 9 7 5 3 10 0 1
6;43;264;10 3 5 7 9 11 2 6 4 8 1 0 10
7;29;264;11 9 7 5 3 10 0 1 8 4 6 2 11
8;39;264;0 10 3 5 7 9 11 2 6 4 8 1 0
9;31;264;1 8 4 6 2 11 9 7 5 3 10 0 1
10;47;264;4 8 1 0 10 3 5 7 9 11 2 6 4
11;19;264;2 11 9 7 5 3 10 0 1 8 4 6 2
12;45;264;4 8 1 0 10 3 5 7 9 11 2 6 4
13;29;264;1 8 4 6 2 11 9 7 5 3 10 0 1
14;25;264;9 11 2 6 4 8 1 0 10 3 5 7 9
15;20;264;7 9 11 2 6 4 8 1 0 10 3 5 7
sredni czas [ms]
30


plik:;g/gr13s.txt
wynik optymalny:;269
liczba wierzcholkow:;13
iteracja;czas [ms];wynik;sciezka
1;40;269;0 12 1 8 4 6 2 11 9 7 5 3 10 0
2;41;269;0 12 1 8 4 6 2 11 9 7 5 3 10 0
3;49;269;9 11 2 6 4 8 1 12 0 10 3 5 7 9
4;54;269;3 10 0 12 1 8 4 6 2 11 9 7 5 3
5;40;269;0 12 1 8 4 6 2 11 9 7 5 3 10 0
6;53;269;3 10 0 12 1 8 4 6 2 11 9 7 5 3
7;41;269;7 9 11 2 6 4 8 1 12 0 10 3 5 7
8;64;269;11 9 7 5 3 10 0 12 1 8 4 6 2 11
9;78;269;2 11 9 7 5 3 10 0 12 1 8 4 6 2
10;65;269;8 4 6 2 11 9 7 5 3 10 0 12 1 8
11;87;269;6 4 8 1 12 0 10 3 5 7 9 11 2 6
12;40;269;7 9 11 2 6 4 8 1 12 0 10 3 5 7
13;39;269;5 7 9 11 2 6 4 8 1 12 0 10 3 5
14;37;269;1 12 0 10 3 5 7 9 11 2 6 4 8 1
15;67;269;8 4 6 2 11 9 7 5 3 10 0 12 1 8
sredni czas [ms]
53


plik:;g/gr14s.txt
wynik optymalny:;282
liczba wierzcholkow:;14
iteracja;czas [ms];wynik;sciezka
1;75;282;11 13 9 7 5 3 10 0 12 1 8 4 6 2 11
2;75;282;11 13 9 7 5 3 10 0 12 1 8 4 6 2 11
3;81;282;1 12 0 10 3 5 7 9 13 11 2 6 4 8 1
4;105;282;13 11 2 6 4 8 1 12 0 10 3 5 7 9 13
5;78;282;9 13 11 2 6 4 8 1 12 0 10 3 5 7 9
6;77;282;9 13 11 2 6 4 8 1 12 0 10 3 5 7 9
7;60;282;5 7 9 13 11 2 6 4 8 1 12 0 10 3 5
8;87;282;12 1 8 4 6 2 11 13 9 7 5 3 10 0 12
9;76;282;11 13 9 7 5 3 10 0 12 1 8 4 6 2 11
10;95;282;3 10 0 12 1 8 4 6 2 11 13 9 7 5 3
11;75;282;11 13 9 7 5 3 10 0 12 1 8 4 6 2 11
12;80;282;9 13 11 2 6 4 8 1 12 0 10 3 5 7 9
13;83;282;1 12 0 10 3 5 7 9 13 11 2 6 4 8 1
14;61;282;5 7 9 13 11 2 6 4 8 1 12 0 10 3 5
15;95;282;3 10 0 12 1 8 4 6 2 11 13 9 7 5 3
sredni czas [ms]
80


plik:;g/gr15s.txt
wynik optymalny:;291
liczba wierzcholkow:;15
iteracja;czas [ms];wynik;sciezka
1;151;291;7 9 13 11 2 6 4 8 14 1 12 0 10 3 5 7
2;524;291;10 3 5 7 9 13 11 2 6 4 8 14 1 12 0 10
3;129;291;12 1 14 8 4 6 2 11 13 9 7 5 3 10 0 12
4;515;291;10 3 5 7 9 13 11 2 6 4 8 14 1 12 0 10
5;282;291;2 11 13 9 7 5 3 10 0 12 1 14 8 4 6 2
6;189;291;4 8 14 1 12 0 10 3 5 7 9 13 11 2 6 4
7;205;291;0 12 1 14 8 4 6 2 11 13 9 7 5 3 10 0
8;278;291;2 11 13 9 7 5 3 10 0 12 1 14 8 4 6 2
9;152;291;7 9 13 11 2 6 4 8 14 1 12 0 10 3 5 7
10;276;291;2 11 13 9 7 5 3 10 0 12 1 14 8 4 6 2
11;167;291;5 7 9 13 11 2 6 4 8 14 1 12 0 10 3 5
12;131;291;9 13 11 2 6 4 8 14 1 12 0 10 3 5 7 9
13;296;291;14 8 4 6 2 11 13 9 7 5 3 10 0 12 1 14
14;224;291;11 13 9 7 5 3 10 0 12 1 14 8 4 6 2 11
15;129;291;12 1 14 8 4 6 2 11 13 9 7 5 3 10 0 12
sredni czas [ms]
243


plik:;g/gr16s.txt
wynik optymalny:;268
liczba wierzcholkow:;16
iteracja;czas [ms];wynik;sciezka
1;504;268;7 11 15 10 1 13 14 3 9 0 8 4 12 5 6 2 7
2;820;268;15 11 7 2 6 5 12 4 8 0 9 3 14 13 1 10 15
3;752;268;3 14 13 1 10 15 11 7 2 6 5 12 4 8 0 9 3
4;588;268;10 15 11 7 2 6 5 12 4 8 0 9 3 14 13 1 10
5;742;268;14 13 1 10 15 11 7 2 6 5 12 4 8 0 9 3 14
6;760;268;3 14 13 1 10 15 11 7 2 6 5 12 4 8 0 9 3
7;738;268;14 13 1 10 15 11 7 2 6 5 12 4 8 0 9 3 14
8;734;268;14 13 1 10 15 11 7 2 6 5 12 4 8 0 9 3 14
9;783;268;2 7 11 15 10 1 13 14 3 9 0 8 4 12 5 6 2
10;537;268;11 15 10 1 13 14 3 9 0 8 4 12 5 6 2 7 11
11;738;268;14 13 1 10 15 11 7 2 6 5 12 4 8 0 9 3 14
12;784;268;2 7 11 15 10 1 13 14 3 9 0 8 4 12 5 6 2
13;953;268;9 3 14 13 1 10 15 11 7 2 6 5 12 4 8 0 9
14;1236;268;12 5 6 2 7 11 15 10 1 13 14 3 9 0 8 4 12
15;790;268;2 7 11 15 10 1 13 14 3 9 0 8 4 12 5 6 2
sredni czas [ms]
763


plik:;g/gr17s.txt
wynik optymalny:;292
liczba wierzcholkow:;17
iteracja;czas [ms];wynik;sciezka
1;1209;292;7 16 9 0 3 14 13 1 10 15 11 8 4 12 5 6 2 7
2;1511;292;11 15 10 1 13 14 3 0 9 16 7 2 6 5 12 4 8 11
3;1371;292;6 5 12 4 8 11 15 10 1 13 14 3 0 9 16 7 2 6
4;1785;292;10 15 11 8 4 12 5 6 2 7 16 9 0 3 14 13 1 10
5;2264;292;0 9 16 7 2 6 5 12 4 8 11 15 10 1 13 14 3 0
6;1794;292;10 15 11 8 4 12 5 6 2 7 16 9 0 3 14 13 1 10
7;1516;292;5 12 4 8 11 15 10 1 13 14 3 0 9 16 7 2 6 5
8;1849;292;14 13 1 10 15 11 8 4 12 5 6 2 7 16 9 0 3 14
9;1221;292;7 16 9 0 3 14 13 1 10 15 11 8 4 12 5 6 2 7
10;776;292;2 7 16 9 0 3 14 13 1 10 15 11 8 4 12 5 6 2
11;2271;292;0 9 16 7 2 6 5 12 4 8 11 15 10 1 13 14 3 0
12;1492;292;5 12 4 8 11 15 10 1 13 14 3 0 9 16 7 2 6 5
13;1289;292;9 16 7 2 6 5 12 4 8 11 15 10 1 13 14 3 0 9
14;3573;292;12 5 6 2 7 16 9 0 3 14 13 1 10 15 11 8 4 12
15;1848;292;3 14 13 1 10 15 11 8 4 12 5 6 2 7 16 9 0 3
sredni czas [ms]
1717


BADANIE;01:25:51
metoda:;branch and bound
konfiguracja:;branches=3         , input_files=g/gr18s.txt,g/gr19s.txt,g/gr20s.txt, iterations=1, max_exec_time_s=1800, search_type=0            , starting_node_bb=-1          # warto, starting_node_nn=-1          # warto, 

plik:;g/gr18s.txt
wynik optymalny:;294
liczba wierzcholkow:;18
iteracja;czas [ms];wynik;sciezka
1;4319;294;2 16 9 0 3 14 13 1 10 17 8 4 12 5 6 15 11 7 2
sredni czas [ms]
4319


plik:;g/gr19s.txt
wynik optymalny:;309
liczba wierzcholkow:;19
iteracja;czas [ms];wynik;sciezka
1;21996;309;16 7 11 15 10 1 13 14 3 9 0 17 8 4 12 6 5 18 2 16
sredni czas [ms]
21996


plik:;g/gr20s.txt
wynik optymalny:;330
liczba wierzcholkow:;20
iteracja;czas [ms];wynik;sciezka
1;31402;330;10 17 8 4 12 6 5 18 2 7 16 15 11 19 0 9 3 14 13 1 10
sredni czas [ms]
31402


BADANIE;01:31:02
metoda:;branch and bound
konfiguracja:;branches=3         , input_files=g/gr6s.txt,g/gr7s.txt,g/gr8s.txt,g/gr9s.txt,g/gr10s.txt, iterations=15, max_exec_time_s=1800, search_type=1            , starting_node_bb=-1          # warto, starting_node_nn=-1          # warto, 

plik:;g/gr6s.txt
wynik optymalny:;158
liczba wierzcholkow:;6
iteracja;czas [ms];wynik;sciezka
1;5;158;0 3 2 4 1 5 0
2;2;158;2 3 0 5 1 4 2
3;3;158;0 3 2 4 1 5 0
4;2;158;0 3 2 4 1 5 0
5;2;158;5 0 3 2 4 1 5
6;2;158;5 0 3 2 4 1 5
7;2;158;3 0 5 1 4 2 3
8;2;158;4 1 5 0 3 2 4
9;2;158;3 0 5 1 4 2 3
10;3;158;5 0 3 2 4 1 5
11;2;158;1 4 2 3 0 5 1
12;3;158;3 0 5 1 4 2 3
13;2;158;0 3 2 4 1 5 0
14;2;158;5 0 3 2 4 1 5
15;2;158;2 3 0 5 1 4 2
sredni czas [ms]
2


plik:;g/gr7s.txt
wynik optymalny:;215
liczba wierzcholkow:;7
iteracja;czas [ms];wynik;sciezka
1;17;215;1 5 0 3 2 4 6 1
2;16;215;4 2 3 0 5 1 6 4
3;17;215;1 5 0 3 2 4 6 1
4;17;215;0 3 2 4 6 1 5 0
5;17;215;5 0 3 2 4 6 1 5
6;16;215;5 0 3 2 4 6 1 5
7;15;215;0 3 2 4 6 1 5 0
8;15;215;2 3 0 5 1 6 4 2
9;14;215;4 2 3 0 5 1 6 4
10;15;215;2 3 0 5 1 6 4 2
11;15;215;3 0 5 1 6 4 2 3
12;15;215;6 1 5 0 3 2 4 6
13;14;215;6 1 5 0 3 2 4 6
14;15;215;2 3 0 5 1 6 4 2
15;16;215;5 0 3 2 4 6 1 5
sredni czas [ms]
15


plik:;g/gr8s.txt
wynik optymalny:;202
liczba wierzcholkow:;8
iteracja;czas [ms];wynik;sciezka
1;114;202;5 0 3 2 4 1 6 7 5
2;117;202;2 3 0 5 7 6 1 4 2
3;115;202;7 5 0 3 2 4 1 6 7
4;113;202;7 5 0 3 2 4 1 6 7
5;113;202;1 4 2 3 0 5 7 6 1
6;113;202;3 0 5 7 6 1 4 2 3
7;114;202;2 3 0 5 7 6 1 4 2
8;114;202;7 5 0 3 2 4 1 6 7
9;117;202;1 4 2 3 0 5 7 6 1
10;114;202;7 5 0 3 2 4 1 6 7
11;116;202;4 1 6 7 5 0 3 2 4
12;114;202;2 3 0 5 7 6 1 4 2
13;114;202;0 3 2 4 1 6 7 5 0
14;113;202;6 1 4 2 3 0 5 7 6
15;113;202;0 3 2 4 1 6 7 5 0
sredni czas [ms]
114


plik:;g/gr9s.txt
wynik optymalny:;215
liczba wierzcholkow:;9
iteracja;czas [ms];wynik;sciezka
1;1021;215;5 0 3 4 2 8 7 6 1 5
2;1028;215;2 4 3 0 5 1 6 7 8 2
3;1021;215;4 2 8 7 6 1 5 0 3 4
4;1023;215;7 6 1 5 0 3 4 2 8 7
5;1015;215;5 0 3 4 2 8 7 6 1 5
6;1009;215;0 3 4 2 8 7 6 1 5 0
7;1015;215;1 5 0 3 4 2 8 7 6 1
8;1026;215;6 1 5 0 3 4 2 8 7 6
9;1019;215;4 2 8 7 6 1 5 0 3 4
10;1024;215;1 5 0 3 4 2 8 7 6 1
11;1016;215;3 0 5 1 6 7 8 2 4 3
12;1019;215;1 5 0 3 4 2 8 7 6 1
13;1018;215;3 0 5 1 6 7 8 2 4 3
14;1019;215;4 2 8 7 6 1 5 0 3 4
15;1016;215;7 6 1 5 0 3 4 2 8 7
sredni czas [ms]
1019


plik:;g/gr10s.txt
wynik optymalny:;212
liczba wierzcholkow:;10
iteracja;czas [ms];wynik;sciezka
1;10111;212;6 7 8 2 4 3 0 5 1 9 6
2;10153;212;1 5 0 3 4 2 8 7 6 9 1
3;10181;212;5 0 3 4 2 8 7 6 9 1 5
4;10135;212;5 0 3 4 2 8 7 6 9 1 5
5;10139;212;6 7 8 2 4 3 0 5 1 9 6
6;10120;212;0 3 4 2 8 7 6 9 1 5 0
7;10137;212;8 2 4 3 0 5 1 9 6 7 8
8;10150;212;6 7 8 2 4 3 0 5 1 9 6
9;10150;212;3 0 5 1 9 6 7 8 2 4 3
10;10147;212;9 1 5 0 3 4 2 8 7 6 9
11;10129;212;2 4 3 0 5 1 9 6 7 8 2
12;10168;212;3 0 5 1 9 6 7 8 2 4 3
13;10116;212;3 0 5 1 9 6 7 8 2 4 3
14;10067;212;3 0 5 1 9 6 7 8 2 4 3
15;11362;212;3 0 5 1 9 6 7 8 2 4 3
sredni czas [ms]
10217


BADANIE;01:34:34
metoda:;branch and bound
konfiguracja:;branches=3         , input_files=g/gr11s.txt, iterations=1, max_exec_time_s=1800, search_type=1            , starting_node_bb=-1          # warto, starting_node_nn=-1          # warto, 

plik:;g/gr11s.txt
wynik optymalny:;251
liczba wierzcholkow:;11
iteracja;czas [ms];wynik;sciezka
1;113181;251;1 0 10 3 5 7 9 2 6 4 8 1
sredni czas [ms]
113181


BADANIE;08:22:06
metoda:;branch and bound
konfiguracja:;branches=3         , input_files=g/gr11.txt, iterations=3, max_exec_time_s=1800, search_type=1            , starting_node_bb=-1          # warto, starting_node_nn=-1          # warto, 

BADANIE;08:28:42
metoda:;branch and bound
konfiguracja:;branches=3         , input_files=g/gr11.txt, iterations=1, max_exec_time_s=1800, search_type=1            , starting_node_bb=-1          # warto, starting_node_nn=-1          # warto, 

BADANIE;08:43:09
metoda:;branch and bound
konfiguracja:;branches=3         , input_files=g/gr11.txt, iterations=1, max_exec_time_s=1800, search_type=1            , starting_node_bb=-1          # warto, starting_node_nn=-1          # warto, 

BADANIE;08:46:47
metoda:;branch and bound
konfiguracja:;branches=3         , input_files=g/gr11.txt, iterations=1, max_exec_time_s=1800, search_type=1            , starting_node_bb=-1          # warto, starting_node_nn=-1          # warto, 

BADANIE;08:53:20
metoda:;branch and bound
konfiguracja:;branches=3         , input_files=g/gr11.txt, iterations=1, max_exec_time_s=1800, search_type=1            , starting_node_bb=-1          # warto, starting_node_nn=-1          # warto, 

plik:;g/gr11.txt
wynik optymalny:;115
liczba wierzcholkow:;11
iteracja;czas [ms];wynik;sciezka
1;118170;115;3 0 7 1 8 5 10 2 6 9 4 3
sredni czas [ms]
118170


BADANIE;08:58:13
metoda:;branch and bound
konfiguracja:;branches=3         , input_files=g/gr20.txt, iterations=15, max_exec_time_s=1800, search_type=2            , starting_node_bb=-1          # warto, starting_node_nn=-1          # warto, 

plik:;g/gr20.txt
wynik optymalny:;148
liczba wierzcholkow:;20
iteracja;czas [ms];wynik;sciezka
1;229;148;13 3 15 1 11 18 17 12 16 0 7 9 10 6 2 5 8 14 4 19 13
2;221;148;13 3 15 1 11 18 17 12 16 0 7 9 10 6 2 5 8 14 4 19 13
3;320;148;15 1 11 18 17 12 16 0 7 9 10 6 2 5 8 14 4 19 13 3 15
4;317;148;15 1 11 18 17 12 16 0 7 9 10 6 2 5 8 14 4 19 13 3 15
5;169;148;19 13 3 15 1 11 18 17 12 16 0 7 9 10 6 2 5 8 14 4 19
6;318;148;15 1 11 18 17 12 16 0 7 9 10 6 2 5 8 14 4 19 13 3 15
7;287;148;11 18 17 12 16 0 7 9 10 6 2 5 8 14 4 19 13 3 15 1 11
8;315;148;14 4 19 13 3 15 1 11 18 17 12 16 0 7 9 10 6 2 5 8 14
9;288;148;10 6 2 5 8 14 4 19 13 3 15 1 11 18 17 12 16 0 7 9 10
10;171;148;19 13 3 15 1 11 18 17 12 16 0 7 9 10 6 2 5 8 14 4 19
11;346;148;8 14 4 19 13 3 15 1 11 18 17 12 16 0 7 9 10 6 2 5 8
12;226;148;16 0 7 9 10 6 2 5 8 14 4 19 13 3 15 1 11 18 17 12 16
13;302;148;14 4 19 13 3 15 1 11 18 17 12 16 0 7 9 10 6 2 5 8 14
14;90;148;17 12 16 0 7 9 10 6 2 5 8 14 4 19 13 3 15 1 11 18 17
15;299;148;10 6 2 5 8 14 4 19 13 3 15 1 11 18 17 12 16 0 7 9 10
sredni czas [ms]
259


BADANIE;09:00:46
metoda:;branch and bound
konfiguracja:;branches=3         , input_files=g/gr20s.txt, iterations=15, max_exec_time_s=1800, search_type=2            , starting_node_bb=-1          # warto, starting_node_nn=-1          # warto, 

BADANIE;09:02:59
metoda:;branch and bound
konfiguracja:;branches=3         , input_files=g/gr20s.txt, iterations=1, max_exec_time_s=1800, search_type=2            , starting_node_bb=-1          # warto, starting_node_nn=-1          # warto, 

plik:;g/gr20s.txt
wynik optymalny:;330
liczba wierzcholkow:;20
iteracja;czas [ms];wynik;sciezka
1;89042;330;15 16 7 2 18 5 6 12 4 8 17 10 1 13 14 3 9 0 19 11 15
sredni czas [ms]
89042


BADANIE;09:05:54
metoda:;branch and bound
konfiguracja:;branches=3         , input_files=g/gr20s.txt, iterations=1, max_exec_time_s=1800, search_type=0            , starting_node_bb=-1          # warto, starting_node_nn=-1          # warto, 

plik:;g/gr20s.txt
wynik optymalny:;330
liczba wierzcholkow:;20
iteracja;czas [ms];wynik;sciezka
1;51012;330;12 6 5 18 2 7 16 15 11 19 0 9 3 14 13 1 10 17 8 4 12
sredni czas [ms]
51012


BADANIE;13:38:08
metoda:;branch and bound
konfiguracja:;branches=3         , input_files=g/gr9.txt,g/gr10.txt, iterations=1, max_exec_time_s=1800, search_type=0            , starting_node_bb=-1          # warto, starting_node_nn=-1          # warto, 

plik:;g/gr9.txt
wynik optymalny:;193
liczba wierzcholkow:;9
iteracja;czas [ms];wynik;sciezka
1;6;193;5 6 4 3 0 1 2 7 8 5
sredni czas [ms]
6


plik:;g/gr10.txt
wynik optymalny:;209
liczba wierzcholkow:;10
iteracja;czas [ms];wynik;sciezka
1;6;209;2 0 1 9 4 5 3 6 7 8 2
sredni czas [ms]
6


BADANIE;14:36:01
metoda:;branch and bound
konfiguracja:;branches=3         , input_files=g/gr10.txt, iterations=1, max_exec_time_s=1800, search_type=0            , starting_node_bb=-1          # warto, starting_node_nn=-1          # warto, 

plik:;g/gr10.txt
wynik optymalny:;209
liczba wierzcholkow:;10
iteracja;czas [ms];wynik;sciezka
1;7;209;1 9 4 5 3 6 7 8 2 0 1
sredni czas [ms]
7


BADANIE;14:36:35
metoda:;branch and bound
konfiguracja:;branches=3         , input_files=g/gr10.txt, iterations=1, max_exec_time_s=1800, search_type=1            , starting_node_bb=-1          # warto, starting_node_nn=-1          # warto, 

plik:;g/gr10.txt
wynik optymalny:;209
liczba wierzcholkow:;10
iteracja;czas [ms];wynik;sciezka
1;11925;209;7 8 2 0 1 9 4 5 3 6 7
sredni czas [ms]
11925


BADANIE;14:38:22
metoda:;branch and bound
konfiguracja:;branches=3         , input_files=g/gr10.txt, iterations=1, max_exec_time_s=1800, search_type=0            , starting_node_bb=-1          # warto, starting_node_nn=-1          # warto, 

plik:;g/gr10.txt
wynik optymalny:;209
liczba wierzcholkow:;10
iteracja;czas [ms];wynik;sciezka
1;11;209;3 6 7 8 2 0 1 9 4 5 3
sredni czas [ms]
11


BADANIE;14:38:46
metoda:;branch and bound
konfiguracja:;branches=3         , input_files=g/gr16.txt, iterations=1, max_exec_time_s=1800, search_type=0            , starting_node_bb=-1          # warto, starting_node_nn=-1          # warto, 

plik:;g/gr16.txt
wynik optymalny:;328
liczba wierzcholkow:;16
iteracja;czas [ms];wynik;sciezka
1;214;328;8 13 11 15 12 6 4 3 9 5 10 0 1 2 14 7 8
sredni czas [ms]
214


BADANIE;14:39:02
metoda:;branch and bound
konfiguracja:;branches=3         , input_files=g/gr16.txt, iterations=1, max_exec_time_s=1800, search_type=2            , starting_node_bb=-1          # warto, starting_node_nn=-1          # warto, 

plik:;g/gr16.txt
wynik optymalny:;328
liczba wierzcholkow:;16
iteracja;czas [ms];wynik;sciezka
1;499;328;5 10 0 1 2 14 7 8 13 11 15 12 6 4 3 9 5
sredni czas [ms]
499


BADANIE;23:04:07
metoda:;branch and bound
konfiguracja:;branches=3         , input_files=g/gr16.txt, iterations=1, max_exec_time_s=1800, search_type=2            , starting_node_bb=-1          # warto, starting_node_nn=-1          # warto, 

plik:;g/gr16.txt
wynik optymalny:;328
liczba wierzcholkow:;16
iteracja;czas [ms];wynik;sciezka
1;706;328;7 8 13 11 15 12 6 4 3 9 5 10 0 1 2 14 7
sredni czas [ms]
706


BADANIE;01:12:57
metoda:;branch and bound
konfiguracja:;branches=3         , input_files=g/gr16.txt, iterations=1, max_exec_time_s=1800, search_type=2            , starting_node_bb=-1          # warto, starting_node_nn=-1          # warto, 

plik:;g/gr16.txt
wynik optymalny:;328
liczba wierzcholkow:;16
iteracja;czas [ms];wynik;sciezka
1;775;328;15 12 6 4 3 9 5 10 0 1 2 14 7 8 13 11 15
sredni czas [ms]
775
